n_puncta,obs_frac_within,null_frac_within,null_frac_std,enrichment,obs_median_dist_um,null_median_dist_um,empirical_p,cell_id,n_z_slices,condition,well,fov,timepoint,plate,file_path
9,0.0,0.005,0.023033791601808757,-0.005,4.066000628518276,5.115062627398508,1.0,1,13,KO,C8,1,d7,Plate1,/Users/pmihack/claire/tmem_2026/data/cleaved_tmem_pld3_260821/d7/TMEM_KO/TMEMKO_Plate1_d7_TMEM561LAMP1640MAP2488DAPI405_C8_F1.nd2
2,,,,,,,,2,13,KO,C8,1,d7,Plate1,/Users/pmihack/claire/tmem_2026/data/cleaved_tmem_pld3_260821/d7/TMEM_KO/TMEMKO_Plate1_d7_TMEM561LAMP1640MAP2488DAPI405_C8_F1.nd2
5,0.2,0.13999999999999999,0.15491933384829668,0.060000000000000026,1.9916841003421029,2.448523896257357,0.5323383084577115,3,13,KO,C8,1,d7,Plate1,/Users/pmihack/claire/tmem_2026/data/cleaved_tmem_pld3_260821/d7/TMEM_KO/TMEMKO_Plate1_d7_TMEM561LAMP1640MAP2488DAPI405_C8_F1.nd2
13,0.5384615384615384,0.10538461538461538,0.08295931846821103,0.433076923076923,0.4553692030771409,2.941650690345268,0.004975124378109453,4,13,KO,C8,1,d7,Plate1,/Users/pmihack/claire/tmem_2026/data/cleaved_tmem_pld3_260821/d7/TMEM_KO/TMEMKO_Plate1_d7_TMEM561LAMP1640MAP2488DAPI405_C8_F1.nd2
6,0.3333333333333333,0.10916666666666666,0.12538551661885744,0.22416666666666665,0.7064443346228361,2.3316125651266963,0.13432835820895522,5,13,KO,C8,1,d7,Plate1,/Users/pmihack/claire/tmem_2026/data/cleaved_tmem_pld3_260821/d7/TMEM_KO/TMEMKO_Plate1_d7_TMEM561LAMP1640MAP2488DAPI405_C8_F1.nd2
16,0.25,0.1484375,0.08737435175009883,0.1015625,1.70825656554132,2.7085985123492913,0.19900497512437812,6,13,KO,C8,1,d7,Plate1,/Users/pmihack/claire/tmem_2026/data/cleaved_tmem_pld3_260821/d7/TMEM_KO/TMEMKO_Plate1_d7_TMEM561LAMP1640MAP2488DAPI405_C8_F1.nd2
8,0.5,0.146875,0.1277433339748106,0.353125,0.501588683287978,2.6461764268318237,0.029850746268656716,7,13,KO,C8,1,d7,Plate1,/Users/pmihack/claire/tmem_2026/data/cleaved_tmem_pld3_260821/d7/TMEM_KO/TMEMKO_Plate1_d7_TMEM561LAMP1640MAP2488DAPI405_C8_F1.nd2
10,0.5,0.1195,0.09884204570930329,0.3805,0.47906587536314615,4.163892917139795,0.004975124378109453,8,13,KO,C8,1,d7,Plate1,/Users/pmihack/claire/tmem_2026/data/cleaved_tmem_pld3_260821/d7/TMEM_KO/TMEMKO_Plate1_d7_TMEM561LAMP1640MAP2488DAPI405_C8_F1.nd2
7,0.2857142857142857,0.10857142857142855,0.12057684483433824,0.17714285714285716,1.7083333333333284,2.757398432600425,0.1791044776119403,9,13,KO,C8,1,d7,Plate1,/Users/pmihack/claire/tmem_2026/data/cleaved_tmem_pld3_260821/d7/TMEM_KO/TMEMKO_Plate1_d7_TMEM561LAMP1640MAP2488DAPI405_C8_F1.nd2
5,0.2,0.09699999999999999,0.12958009106340374,0.10300000000000002,3.887488835282278,2.65326008613796,0.4079601990049751,10,13,KO,C8,1,d7,Plate1,/Users/pmihack/claire/tmem_2026/data/cleaved_tmem_pld3_260821/d7/TMEM_KO/TMEMKO_Plate1_d7_TMEM561LAMP1640MAP2488DAPI405_C8_F1.nd2
11,0.7272727272727273,0.16227272727272726,0.10518676817141548,0.5650000000000001,0.0,2.0674624224312472,0.004975124378109453,11,13,KO,C8,1,d7,Plate1,/Users/pmihack/claire/tmem_2026/data/cleaved_tmem_pld3_260821/d7/TMEM_KO/TMEMKO_Plate1_d7_TMEM561LAMP1640MAP2488DAPI405_C8_F1.nd2
8,0.25,0.11875,0.1021258414898012,0.13125,2.6798509492350004,2.6086279212107155,0.22388059701492538,12,13,KO,C8,1,d7,Plate1,/Users/pmihack/claire/tmem_2026/data/cleaved_tmem_pld3_260821/d7/TMEM_KO/TMEMKO_Plate1_d7_TMEM561LAMP1640MAP2488DAPI405_C8_F1.nd2
5,0.2,0.077,0.12438247464976729,0.12300000000000001,5.635169818992922,3.258970247838045,0.32338308457711445,13,13,KO,C8,1,d7,Plate1,/Users/pmihack/claire/tmem_2026/data/cleaved_tmem_pld3_260821/d7/TMEM_KO/TMEMKO_Plate1_d7_TMEM561LAMP1640MAP2488DAPI405_C8_F1.nd2
13,0.3076923076923077,0.060384615384615384,0.06001848827579085,0.24730769230769234,2.404581853231213,3.858053853974661,0.009950248756218905,14,13,KO,C8,1,d7,Plate1,/Users/pmihack/claire/tmem_2026/data/cleaved_tmem_pld3_260821/d7/TMEM_KO/TMEMKO_Plate1_d7_TMEM561LAMP1640MAP2488DAPI405_C8_F1.nd2
0,,,,,,,,15,13,KO,C8,1,d7,Plate1,/Users/pmihack/claire/tmem_2026/data/cleaved_tmem_pld3_260821/d7/TMEM_KO/TMEMKO_Plate1_d7_TMEM561LAMP1640MAP2488DAPI405_C8_F1.nd2
5,0.6,0.139,0.1602466848331035,0.46099999999999997,0.4422951503238526,2.108144607365389,0.04477611940298507,16,13,KO,C8,1,d7,Plate1,/Users/pmihack/claire/tmem_2026/data/cleaved_tmem_pld3_260821/d7/TMEM_KO/TMEMKO_Plate1_d7_TMEM561LAMP1640MAP2488DAPI405_C8_F1.nd2
0,,,,,,,,17,13,KO,C8,1,d7,Plate1,/Users/pmihack/claire/tmem_2026/data/cleaved_tmem_pld3_260821/d7/TMEM_KO/TMEMKO_Plate1_d7_TMEM561LAMP1640MAP2488DAPI405_C8_F1.nd2
6,0.16666666666666666,0.08666666666666668,0.11175369742826806,0.07999999999999997,4.302962429203786,3.244224485712515,0.43283582089552236,18,13,KO,C8,1,d7,Plate1,/Users/pmihack/claire/tmem_2026/data/cleaved_tmem_pld3_260821/d7/TMEM_KO/TMEMKO_Plate1_d7_TMEM561LAMP1640MAP2488DAPI405_C8_F1.nd2
2,0.5,0.145,0.26263091973337793,0.355,0.44949149150764417,2.494782504495112,0.25870646766169153,19,13,KO,C8,1,d7,Plate1,/Users/pmihack/claire/tmem_2026/data/cleaved_tmem_pld3_260821/d7/TMEM_KO/TMEMKO_Plate1_d7_TMEM561LAMP1640MAP2488DAPI405_C8_F1.nd2
14,,,,,,,,1,10,Control,C17,1,d7,Plate1,/Users/pmihack/claire/tmem_2026/data/cleaved_tmem_pld3_260821/d7/Z59_PLD_Control/PLD3Control_Plate1_d7_TMEM561LAMP1640MAP2488DAPI405_C17_F1.nd2
23,,,,,,,,2,10,Control,C17,1,d7,Plate1,/Users/pmihack/claire/tmem_2026/data/cleaved_tmem_pld3_260821/d7/Z59_PLD_Control/PLD3Control_Plate1_d7_TMEM561LAMP1640MAP2488DAPI405_C17_F1.nd2
10,,,,,,,,3,10,Control,C17,1,d7,Plate1,/Users/pmihack/claire/tmem_2026/data/cleaved_tmem_pld3_260821/d7/Z59_PLD_Control/PLD3Control_Plate1_d7_TMEM561LAMP1640MAP2488DAPI405_C17_F1.nd2
7,0.0,0.0014285714285714286,0.014214106244380286,-0.0014285714285714286,12.956897026508875,11.936031910145223,1.0,4,10,Control,C17,1,d7,Plate1,/Users/pmihack/claire/tmem_2026/data/cleaved_tmem_pld3_260821/d7/Z59_PLD_Control/PLD3Control_Plate1_d7_TMEM561LAMP1640MAP2488DAPI405_C17_F1.nd2
4,,,,,,,,5,10,Control,C17,1,d7,Plate1,/Users/pmihack/claire/tmem_2026/data/cleaved_tmem_pld3_260821/d7/Z59_PLD_Control/PLD3Control_Plate1_d7_TMEM561LAMP1640MAP2488DAPI405_C17_F1.nd2
12,,,,,,,,6,10,Control,C17,1,d7,Plate1,/Users/pmihack/claire/tmem_2026/data/cleaved_tmem_pld3_260821/d7/Z59_PLD_Control/PLD3Control_Plate1_d7_TMEM561LAMP1640MAP2488DAPI405_C17_F1.nd2
16,,,,,,,,7,10,Control,C17,1,d7,Plate1,/Users/pmihack/claire/tmem_2026/data/cleaved_tmem_pld3_260821/d7/Z59_PLD_Control/PLD3Control_Plate1_d7_TMEM561LAMP1640MAP2488DAPI405_C17_F1.nd2
10,,,,,,,,8,10,Control,C17,1,d7,Plate1,/Users/pmihack/claire/tmem_2026/data/cleaved_tmem_pld3_260821/d7/Z59_PLD_Control/PLD3Control_Plate1_d7_TMEM561LAMP1640MAP2488DAPI405_C17_F1.nd2
3,,,,,,,,9,10,Control,C17,1,d7,Plate1,/Users/pmihack/claire/tmem_2026/data/cleaved_tmem_pld3_260821/d7/Z59_PLD_Control/PLD3Control_Plate1_d7_TMEM561LAMP1640MAP2488DAPI405_C17_F1.nd2
14,,,,,,,,10,10,Control,C17,1,d7,Plate1,/Users/pmihack/claire/tmem_2026/data/cleaved_tmem_pld3_260821/d7/Z59_PLD_Control/PLD3Control_Plate1_d7_TMEM561LAMP1640MAP2488DAPI405_C17_F1.nd2
21,,,,,,,,11,10,Control,C17,1,d7,Plate1,/Users/pmihack/claire/tmem_2026/data/cleaved_tmem_pld3_260821/d7/Z59_PLD_Control/PLD3Control_Plate1_d7_TMEM561LAMP1640MAP2488DAPI405_C17_F1.nd2
15,,,,,,,,12,10,Control,C17,1,d7,Plate1,/Users/pmihack/claire/tmem_2026/data/cleaved_tmem_pld3_260821/d7/Z59_PLD_Control/PLD3Control_Plate1_d7_TMEM561LAMP1640MAP2488DAPI405_C17_F1.nd2
18,0.0,0.0125,0.026895717681995952,-0.0125,3.7326093855515303,4.266295337415597,1.0,13,10,Control,C17,1,d7,Plate1,/Users/pmihack/claire/tmem_2026/data/cleaved_tmem_pld3_260821/d7/Z59_PLD_Control/PLD3Control_Plate1_d7_TMEM561LAMP1640MAP2488DAPI405_C17_F1.nd2
8,,,,,,,,14,10,Control,C17,1,d7,Plate1,/Users/pmihack/claire/tmem_2026/data/cleaved_tmem_pld3_260821/d7/Z59_PLD_Control/PLD3Control_Plate1_d7_TMEM561LAMP1640MAP2488DAPI405_C17_F1.nd2
16,,,,,,,,15,10,Control,C17,1,d7,Plate1,/Users/pmihack/claire/tmem_2026/data/cleaved_tmem_pld3_260821/d7/Z59_PLD_Control/PLD3Control_Plate1_d7_TMEM561LAMP1640MAP2488DAPI405_C17_F1.nd2
20,,,,,,,,16,10,Control,C17,1,d7,Plate1,/Users/pmihack/claire/tmem_2026/data/cleaved_tmem_pld3_260821/d7/Z59_PLD_Control/PLD3Control_Plate1_d7_TMEM561LAMP1640MAP2488DAPI405_C17_F1.nd2
7,,,,,,,,17,10,Control,C17,1,d7,Plate1,/Users/pmihack/claire/tmem_2026/data/cleaved_tmem_pld3_260821/d7/Z59_PLD_Control/PLD3Control_Plate1_d7_TMEM561LAMP1640MAP2488DAPI405_C17_F1.nd2
20,,,,,,,,18,10,Control,C17,1,d7,Plate1,/Users/pmihack/claire/tmem_2026/data/cleaved_tmem_pld3_260821/d7/Z59_PLD_Control/PLD3Control_Plate1_d7_TMEM561LAMP1640MAP2488DAPI405_C17_F1.nd2
2,1.0,0.145,0.2529327973988348,0.855,0.0,2.8400694988914092,0.029850746268656716,1,12,KI,C20,1,d7,Plate1,/Users/pmihack/claire/tmem_2026/data/cleaved_tmem_pld3_260821/d7/Z60_PLD_TMEMki/PLD3TMEM106B_Plate1_d7_TMEM561LAMP1640MAP2488DAPI405_C20_F1.nd2
7,0.7142857142857143,0.1657142857142857,0.14529351011532707,0.5485714285714286,0.216666666666666,2.9747919072977953,0.009950248756218905,2,12,KI,C20,1,d7,Plate1,/Users/pmihack/claire/tmem_2026/data/cleaved_tmem_pld3_260821/d7/Z60_PLD_TMEMki/PLD3TMEM106B_Plate1_d7_TMEM561LAMP1640MAP2488DAPI405_C20_F1.nd2
1,1.0,0.12,0.32496153618543844,0.88,0.108333333333333,2.8424133150625526,0.12437810945273632,3,12,KI,C20,1,d7,Plate1,/Users/pmihack/claire/tmem_2026/data/cleaved_tmem_pld3_260821/d7/Z60_PLD_TMEMki/PLD3TMEM106B_Plate1_d7_TMEM561LAMP1640MAP2488DAPI405_C20_F1.nd2
0,,,,,,,,4,12,KI,C20,1,d7,Plate1,/Users/pmihack/claire/tmem_2026/data/cleaved_tmem_pld3_260821/d7/Z60_PLD_TMEMki/PLD3TMEM106B_Plate1_d7_TMEM561LAMP1640MAP2488DAPI405_C20_F1.nd2
0,,,,,,,,5,12,KI,C20,1,d7,Plate1,/Users/pmihack/claire/tmem_2026/data/cleaved_tmem_pld3_260821/d7/Z60_PLD_TMEMki/PLD3TMEM106B_Plate1_d7_TMEM561LAMP1640MAP2488DAPI405_C20_F1.nd2
0,,,,,,,,6,12,KI,C20,1,d7,Plate1,/Users/pmihack/claire/tmem_2026/data/cleaved_tmem_pld3_260821/d7/Z60_PLD_TMEMki/PLD3TMEM106B_Plate1_d7_TMEM561LAMP1640MAP2488DAPI405_C20_F1.nd2
0,,,,,,,,7,12,KI,C20,1,d7,Plate1,/Users/pmihack/claire/tmem_2026/data/cleaved_tmem_pld3_260821/d7/Z60_PLD_TMEMki/PLD3TMEM106B_Plate1_d7_TMEM561LAMP1640MAP2488DAPI405_C20_F1.nd2
4,0.5,0.06375,0.12246810809349509,0.43625,0.3096256700526549,3.8964109777306586,0.029850746268656716,8,12,KI,C20,1,d7,Plate1,/Users/pmihack/claire/tmem_2026/data/cleaved_tmem_pld3_260821/d7/Z60_PLD_TMEMki/PLD3TMEM106B_Plate1_d7_TMEM561LAMP1640MAP2488DAPI405_C20_F1.nd2
3,0.6666666666666666,0.09166666666666666,0.16976290656219467,0.575,0.216666666666666,3.420633914594407,0.03482587064676617,9,12,KI,C20,1,d7,Plate1,/Users/pmihack/claire/tmem_2026/data/cleaved_tmem_pld3_260821/d7/Z60_PLD_TMEMki/PLD3TMEM106B_Plate1_d7_TMEM561LAMP1640MAP2488DAPI405_C20_F1.nd2
0,,,,,,,,10,12,KI,C20,1,d7,Plate1,/Users/pmihack/claire/tmem_2026/data/cleaved_tmem_pld3_260821/d7/Z60_PLD_TMEMki/PLD3TMEM106B_Plate1_d7_TMEM561LAMP1640MAP2488DAPI405_C20_F1.nd2
3,0.6666666666666666,0.11833333333333332,0.19118780760754012,0.5483333333333333,0.0,2.336541123407072,0.05472636815920398,11,12,KI,C20,1,d7,Plate1,/Users/pmihack/claire/tmem_2026/data/cleaved_tmem_pld3_260821/d7/Z60_PLD_TMEMki/PLD3TMEM106B_Plate1_d7_TMEM561LAMP1640MAP2488DAPI405_C20_F1.nd2
0,,,,,,,,12,12,KI,C20,1,d7,Plate1,/Users/pmihack/claire/tmem_2026/data/cleaved_tmem_pld3_260821/d7/Z60_PLD_TMEMki/PLD3TMEM106B_Plate1_d7_TMEM561LAMP1640MAP2488DAPI405_C20_F1.nd2
5,0.8,0.184,0.1701293625450939,0.6160000000000001,0.0,2.1156309799542554,0.014925373134328358,13,12,KI,C20,1,d7,Plate1,/Users/pmihack/claire/tmem_2026/data/cleaved_tmem_pld3_260821/d7/Z60_PLD_TMEMki/PLD3TMEM106B_Plate1_d7_TMEM561LAMP1640MAP2488DAPI405_C20_F1.nd2
1,0.0,0.0,0.0,0.0,10.503137758678456,9.644030715844348,1.0,14,12,KI,C20,1,d7,Plate1,/Users/pmihack/claire/tmem_2026/data/cleaved_tmem_pld3_260821/d7/Z60_PLD_TMEMki/PLD3TMEM106B_Plate1_d7_TMEM561LAMP1640MAP2488DAPI405_C20_F1.nd2
9,0.3333333333333333,0.09888888888888889,0.11043684302032676,0.23444444444444443,1.1718041645257928,3.4346841449554883,0.05970149253731343,15,12,KI,C20,1,d7,Plate1,/Users/pmihack/claire/tmem_2026/data/cleaved_tmem_pld3_260821/d7/Z60_PLD_TMEMki/PLD3TMEM106B_Plate1_d7_TMEM561LAMP1640MAP2488DAPI405_C20_F1.nd2
0,,,,,,,,16,12,KI,C20,1,d7,Plate1,/Users/pmihack/claire/tmem_2026/data/cleaved_tmem_pld3_260821/d7/Z60_PLD_TMEMki/PLD3TMEM106B_Plate1_d7_TMEM561LAMP1640MAP2488DAPI405_C20_F1.nd2
4,0.25,0.0975,0.1516369018412075,0.1525,3.23870109093889,3.7149491721282377,0.3333333333333333,1,12,KO,C8,2,d7,Plate1,/Users/pmihack/claire/tmem_2026/data/cleaved_tmem_pld3_260821/d7/TMEM_KO/TMEMKO_Plate1_d7_TMEM561LAMP1640MAP2488DAPI405_C8_F2.nd2
3,0.0,0.03333333333333333,0.10540925533894596,-0.03333333333333333,2.469663157418655,3.1445690296740354,1.0,2,12,KO,C8,2,d7,Plate1,/Users/pmihack/claire/tmem_2026/data/cleaved_tmem_pld3_260821/d7/TMEM_KO/TMEMKO_Plate1_d7_TMEM561LAMP1640MAP2488DAPI405_C8_F2.nd2
7,0.14285714285714285,0.05071428571428571,0.08193763183180292,0.09214285714285714,5.415230578860151,5.261543720023378,0.31343283582089554,3,12,KO,C8,2,d7,Plate1,/Users/pmihack/claire/tmem_2026/data/cleaved_tmem_pld3_260821/d7/TMEM_KO/TMEMKO_Plate1_d7_TMEM561LAMP1640MAP2488DAPI405_C8_F2.nd2
8,0.0,0.045,0.0685109480302236,-0.045,3.5447971506146443,2.7468645857139085,1.0,4,12,KO,C8,2,d7,Plate1,/Users/pmihack/claire/tmem_2026/data/cleaved_tmem_pld3_260821/d7/TMEM_KO/TMEMKO_Plate1_d7_TMEM561LAMP1640MAP2488DAPI405_C8_F2.nd2
2,0.0,0.005,0.049749371855330994,-0.005,14.92247047244219,9.721717056958019,1.0,5,12,KO,C8,2,d7,Plate1,/Users/pmihack/claire/tmem_2026/data/cleaved_tmem_pld3_260821/d7/TMEM_KO/TMEMKO_Plate1_d7_TMEM561LAMP1640MAP2488DAPI405_C8_F2.nd2
5,0.0,0.04,0.08944271909999159,-0.04,2.495607251863867,3.5216465010120794,1.0,6,12,KO,C8,2,d7,Plate1,/Users/pmihack/claire/tmem_2026/data/cleaved_tmem_pld3_260821/d7/TMEM_KO/TMEMKO_Plate1_d7_TMEM561LAMP1640MAP2488DAPI405_C8_F2.nd2
4,0.0,0.02375,0.08138450405329015,-0.02375,6.029637147767908,4.769533798083579,1.0,7,12,KO,C8,2,d7,Plate1,/Users/pmihack/claire/tmem_2026/data/cleaved_tmem_pld3_260821/d7/TMEM_KO/TMEMKO_Plate1_d7_TMEM561LAMP1640MAP2488DAPI405_C8_F2.nd2
5,0.0,0.08199999999999999,0.11347246362003428,-0.08199999999999999,3.4046638763776738,2.942607444561811,1.0,8,12,KO,C8,2,d7,Plate1,/Users/pmihack/claire/tmem_2026/data/cleaved_tmem_pld3_260821/d7/TMEM_KO/TMEMKO_Plate1_d7_TMEM561LAMP1640MAP2488DAPI405_C8_F2.nd2
5,0.2,0.26,0.1865475810617763,-0.06,1.2240926344757452,1.0589726913825683,0.7910447761194029,9,12,KO,C8,2,d7,Plate1,/Users/pmihack/claire/tmem_2026/data/cleaved_tmem_pld3_260821/d7/TMEM_KO/TMEMKO_Plate1_d7_TMEM561LAMP1640MAP2488DAPI405_C8_F2.nd2
7,0.2857142857142857,0.16428571428571426,0.14551106276759546,0.12142857142857144,1.8628122407919767,1.534449525533258,0.30845771144278605,10,12,KO,C8,2,d7,Plate1,/Users/pmihack/claire/tmem_2026/data/cleaved_tmem_pld3_260821/d7/TMEM_KO/TMEMKO_Plate1_d7_TMEM561LAMP1640MAP2488DAPI405_C8_F2.nd2
3,0.0,0.06333333333333332,0.1307669683062202,-0.06333333333333332,2.398060558961014,3.866676452413379,1.0,11,12,KO,C8,2,d7,Plate1,/Users/pmihack/claire/tmem_2026/data/cleaved_tmem_pld3_260821/d7/TMEM_KO/TMEMKO_Plate1_d7_TMEM561LAMP1640MAP2488DAPI405_C8_F2.nd2
0,,,,,,,,12,12,KO,C8,2,d7,Plate1,/Users/pmihack/claire/tmem_2026/data/cleaved_tmem_pld3_260821/d7/TMEM_KO/TMEMKO_Plate1_d7_TMEM561LAMP1640MAP2488DAPI405_C8_F2.nd2
9,0.3333333333333333,0.10111111111111111,0.10011721525353898,0.23222222222222222,2.644753716742294,2.3618917320372192,0.05970149253731343,13,12,KO,C8,2,d7,Plate1,/Users/pmihack/claire/tmem_2026/data/cleaved_tmem_pld3_260821/d7/TMEM_KO/TMEMKO_Plate1_d7_TMEM561LAMP1640MAP2488DAPI405_C8_F2.nd2
1,0.0,0.055,0.22798026230356,-0.055,2.060373482863939,2.3662269374823017,1.0,14,12,KO,C8,2,d7,Plate1,/Users/pmihack/claire/tmem_2026/data/cleaved_tmem_pld3_260821/d7/TMEM_KO/TMEMKO_Plate1_d7_TMEM561LAMP1640MAP2488DAPI405_C8_F2.nd2
3,0.0,0.028333333333333332,0.10422998075836382,-0.028333333333333332,3.4372550417771093,2.9640145695164892,1.0,15,12,KO,C8,2,d7,Plate1,/Users/pmihack/claire/tmem_2026/data/cleaved_tmem_pld3_260821/d7/TMEM_KO/TMEMKO_Plate1_d7_TMEM561LAMP1640MAP2488DAPI405_C8_F2.nd2
9,0.1111111111111111,0.10833333333333332,0.10026969804322246,0.002777777777777782,1.927901853195733,1.7846526019771458,0.6616915422885572,16,12,KO,C8,2,d7,Plate1,/Users/pmihack/claire/tmem_2026/data/cleaved_tmem_pld3_260821/d7/TMEM_KO/TMEMKO_Plate1_d7_TMEM561LAMP1640MAP2488DAPI405_C8_F2.nd2
9,0.1111111111111111,0.08555555555555557,0.08657402455930452,0.02555555555555554,2.611419898999176,3.0202502988330933,0.582089552238806,17,12,KO,C8,2,d7,Plate1,/Users/pmihack/claire/tmem_2026/data/cleaved_tmem_pld3_260821/d7/TMEM_KO/TMEMKO_Plate1_d7_TMEM561LAMP1640MAP2488DAPI405_C8_F2.nd2
3,0.3333333333333333,0.145,0.20703596037618413,0.18833333333333332,1.373205900236536,1.4672492543167899,0.3681592039800995,18,12,KO,C8,2,d7,Plate1,/Users/pmihack/claire/tmem_2026/data/cleaved_tmem_pld3_260821/d7/TMEM_KO/TMEMKO_Plate1_d7_TMEM561LAMP1640MAP2488DAPI405_C8_F2.nd2
5,0.2,0.191,0.17354826418031383,0.009000000000000008,1.5461646096066206,1.6766605632272324,0.6467661691542289,19,12,KO,C8,2,d7,Plate1,/Users/pmihack/claire/tmem_2026/data/cleaved_tmem_pld3_260821/d7/TMEM_KO/TMEMKO_Plate1_d7_TMEM561LAMP1640MAP2488DAPI405_C8_F2.nd2
1,,,,,,,,20,12,KO,C8,2,d7,Plate1,/Users/pmihack/claire/tmem_2026/data/cleaved_tmem_pld3_260821/d7/TMEM_KO/TMEMKO_Plate1_d7_TMEM561LAMP1640MAP2488DAPI405_C8_F2.nd2
12,0.25,0.15708333333333332,0.09971400074435106,0.09291666666666668,2.0487644664157654,2.6074149228887937,0.2835820895522388,21,12,KO,C8,2,d7,Plate1,/Users/pmihack/claire/tmem_2026/data/cleaved_tmem_pld3_260821/d7/TMEM_KO/TMEMKO_Plate1_d7_TMEM561LAMP1640MAP2488DAPI405_C8_F2.nd2
6,0.0,0.16583333333333333,0.1495339983638058,-0.16583333333333333,2.138221809597887,1.5104833205905777,1.0,22,12,KO,C8,2,d7,Plate1,/Users/pmihack/claire/tmem_2026/data/cleaved_tmem_pld3_260821/d7/TMEM_KO/TMEMKO_Plate1_d7_TMEM561LAMP1640MAP2488DAPI405_C8_F2.nd2
0,,,,,,,,23,12,KO,C8,2,d7,Plate1,/Users/pmihack/claire/tmem_2026/data/cleaved_tmem_pld3_260821/d7/TMEM_KO/TMEMKO_Plate1_d7_TMEM561LAMP1640MAP2488DAPI405_C8_F2.nd2
7,0.14285714285714285,0.11857142857142854,0.1187606064006624,0.024285714285714313,2.7277636342697287,2.530055673824969,0.5970149253731343,24,12,KO,C8,2,d7,Plate1,/Users/pmihack/claire/tmem_2026/data/cleaved_tmem_pld3_260821/d7/TMEM_KO/TMEMKO_Plate1_d7_TMEM561LAMP1640MAP2488DAPI405_C8_F2.nd2
3,0.3333333333333333,0.13166666666666665,0.19691368667515216,0.20166666666666666,1.1241045819278133,1.746621532185458,0.3482587064676617,25,12,KO,C8,2,d7,Plate1,/Users/pmihack/claire/tmem_2026/data/cleaved_tmem_pld3_260821/d7/TMEM_KO/TMEMKO_Plate1_d7_TMEM561LAMP1640MAP2488DAPI405_C8_F2.nd2
18,0.2222222222222222,0.12694444444444447,0.07824808205751124,0.09527777777777774,1.0365880347768528,2.290779463325633,0.1791044776119403,1,11,Control,C17,2,d7,Plate1,/Users/pmihack/claire/tmem_2026/data/cleaved_tmem_pld3_260821/d7/Z59_PLD_Control/PLD3Control_Plate1_d7_TMEM561LAMP1640MAP2488DAPI405_C17_F2.nd2
8,0.0,0.00375,0.021323402636539975,-0.00375,7.143405919226993,6.306158330920314,1.0,2,11,Control,C17,2,d7,Plate1,/Users/pmihack/claire/tmem_2026/data/cleaved_tmem_pld3_260821/d7/Z59_PLD_Control/PLD3Control_Plate1_d7_TMEM561LAMP1640MAP2488DAPI405_C17_F2.nd2
9,0.0,0.1111111111111111,0.09813067629253162,-0.1111111111111111,2.2095751225568665,2.233405360176882,1.0,3,11,Control,C17,2,d7,Plate1,/Users/pmihack/claire/tmem_2026/data/cleaved_tmem_pld3_260821/d7/Z59_PLD_Control/PLD3Control_Plate1_d7_TMEM561LAMP1640MAP2488DAPI405_C17_F2.nd2
7,0.0,0.20285714285714285,0.15277033583194113,-0.20285714285714285,3.268037552483812,1.9981036186234835,1.0,4,11,Control,C17,2,d7,Plate1,/Users/pmihack/claire/tmem_2026/data/cleaved_tmem_pld3_260821/d7/Z59_PLD_Control/PLD3Control_Plate1_d7_TMEM561LAMP1640MAP2488DAPI405_C17_F2.nd2
21,0.14285714285714285,0.20404761904761906,0.093238228999369,-0.06119047619047621,1.653636564934651,1.894338712761658,0.8208955223880597,5,11,Control,C17,2,d7,Plate1,/Users/pmihack/claire/tmem_2026/data/cleaved_tmem_pld3_260821/d7/Z59_PLD_Control/PLD3Control_Plate1_d7_TMEM561LAMP1640MAP2488DAPI405_C17_F2.nd2
2,0.5,0.2675,0.3036342371999574,0.23249999999999998,0.8701585105624196,1.9463938996265784,0.47761194029850745,6,11,Control,C17,2,d7,Plate1,/Users/pmihack/claire/tmem_2026/data/cleaved_tmem_pld3_260821/d7/Z59_PLD_Control/PLD3Control_Plate1_d7_TMEM561LAMP1640MAP2488DAPI405_C17_F2.nd2
15,0.13333333333333333,0.09,0.0695221787153807,0.043333333333333335,1.4682992807250752,2.4567758738180014,0.417910447761194,7,11,Control,C17,2,d7,Plate1,/Users/pmihack/claire/tmem_2026/data/cleaved_tmem_pld3_260821/d7/Z59_PLD_Control/PLD3Control_Plate1_d7_TMEM561LAMP1640MAP2488DAPI405_C17_F2.nd2
5,0.0,0.004,0.028000000000000004,-0.004,2.1900183916021176,3.5476637790711583,1.0,8,11,Control,C17,2,d7,Plate1,/Users/pmihack/claire/tmem_2026/data/cleaved_tmem_pld3_260821/d7/Z59_PLD_Control/PLD3Control_Plate1_d7_TMEM561LAMP1640MAP2488DAPI405_C17_F2.nd2
22,0.22727272727272727,0.08272727272727272,0.059397804450616855,0.14454545454545453,1.985055485946352,3.5368466434897137,0.024875621890547265,9,11,Control,C17,2,d7,Plate1,/Users/pmihack/claire/tmem_2026/data/cleaved_tmem_pld3_260821/d7/Z59_PLD_Control/PLD3Control_Plate1_d7_TMEM561LAMP1640MAP2488DAPI405_C17_F2.nd2
7,0.0,0.03,0.06482315031164815,-0.03,4.397450334505705,3.8059526340331247,1.0,10,11,Control,C17,2,d7,Plate1,/Users/pmihack/claire/tmem_2026/data/cleaved_tmem_pld3_260821/d7/Z59_PLD_Control/PLD3Control_Plate1_d7_TMEM561LAMP1640MAP2488DAPI405_C17_F2.nd2
10,0.1,0.1465,0.10948858387978173,-0.046499999999999986,1.7879093100416394,1.3439800891481608,0.7960199004975125,11,11,Control,C17,2,d7,Plate1,/Users/pmihack/claire/tmem_2026/data/cleaved_tmem_pld3_260821/d7/Z59_PLD_Control/PLD3Control_Plate1_d7_TMEM561LAMP1640MAP2488DAPI405_C17_F2.nd2
6,0.16666666666666666,0.10916666666666666,0.1275816731875442,0.057499999999999996,2.7730522622423917,2.451056505633284,0.48756218905472637,12,11,Control,C17,2,d7,Plate1,/Users/pmihack/claire/tmem_2026/data/cleaved_tmem_pld3_260821/d7/Z59_PLD_Control/PLD3Control_Plate1_d7_TMEM561LAMP1640MAP2488DAPI405_C17_F2.nd2
11,0.09090909090909091,0.15227272727272728,0.10322786317432514,-0.06136363636363637,3.2368215719883047,1.9013738955686426,0.845771144278607,13,11,Control,C17,2,d7,Plate1,/Users/pmihack/claire/tmem_2026/data/cleaved_tmem_pld3_260821/d7/Z59_PLD_Control/PLD3Control_Plate1_d7_TMEM561LAMP1640MAP2488DAPI405_C17_F2.nd2
9,0.0,0.1461111111111111,0.11789171637618759,-0.1461111111111111,2.3527761380028323,2.808179876220513,1.0,14,11,Control,C17,2,d7,Plate1,/Users/pmihack/claire/tmem_2026/data/cleaved_tmem_pld3_260821/d7/Z59_PLD_Control/PLD3Control_Plate1_d7_TMEM561LAMP1640MAP2488DAPI405_C17_F2.nd2
3,0.3333333333333333,0.39833333333333326,0.2938206179892003,-0.06499999999999995,0.7660323462854243,0.7310392966896547,0.7860696517412935,15,11,Control,C17,2,d7,Plate1,/Users/pmihack/claire/tmem_2026/data/cleaved_tmem_pld3_260821/d7/Z59_PLD_Control/PLD3Control_Plate1_d7_TMEM561LAMP1640MAP2488DAPI405_C17_F2.nd2
9,0.4444444444444444,0.13555555555555557,0.11119996447286047,0.3088888888888889,1.408333333333329,3.2974591411063283,0.01990049751243781,16,11,Control,C17,2,d7,Plate1,/Users/pmihack/claire/tmem_2026/data/cleaved_tmem_pld3_260821/d7/Z59_PLD_Control/PLD3Control_Plate1_d7_TMEM561LAMP1640MAP2488DAPI405_C17_F2.nd2
0,,,,,,,,1,10,KI,C20,2,d7,Plate1,/Users/pmihack/claire/tmem_2026/data/cleaved_tmem_pld3_260821/d7/Z60_PLD_TMEMki/PLD3TMEM106B_Plate1_d7_TMEM561LAMP1640MAP2488DAPI405_C20_F2.nd2
1,0.0,0.21,0.407308237088326,-0.21,0.6192513401053098,2.2012479627055086,1.0,2,10,KI,C20,2,d7,Plate1,/Users/pmihack/claire/tmem_2026/data/cleaved_tmem_pld3_260821/d7/Z60_PLD_TMEMki/PLD3TMEM106B_Plate1_d7_TMEM561LAMP1640MAP2488DAPI405_C20_F2.nd2
0,,,,,,,,3,10,KI,C20,2,d7,Plate1,/Users/pmihack/claire/tmem_2026/data/cleaved_tmem_pld3_260821/d7/Z60_PLD_TMEMki/PLD3TMEM106B_Plate1_d7_TMEM561LAMP1640MAP2488DAPI405_C20_F2.nd2
2,0.5,0.1325,0.24226793019299933,0.3675,0.6280076309394794,2.3007492896652852,0.24875621890547264,4,10,KI,C20,2,d7,Plate1,/Users/pmihack/claire/tmem_2026/data/cleaved_tmem_pld3_260821/d7/Z60_PLD_TMEMki/PLD3TMEM106B_Plate1_d7_TMEM561LAMP1640MAP2488DAPI405_C20_F2.nd2
6,0.5,0.06999999999999999,0.10847426730181985,0.43,0.3919536821145707,2.085034589723001,0.009950248756218905,5,10,KI,C20,2,d7,Plate1,/Users/pmihack/claire/tmem_2026/data/cleaved_tmem_pld3_260821/d7/Z60_PLD_TMEMki/PLD3TMEM106B_Plate1_d7_TMEM561LAMP1640MAP2488DAPI405_C20_F2.nd2
0,,,,,,,,6,10,KI,C20,2,d7,Plate1,/Users/pmihack/claire/tmem_2026/data/cleaved_tmem_pld3_260821/d7/Z60_PLD_TMEMki/PLD3TMEM106B_Plate1_d7_TMEM561LAMP1640MAP2488DAPI405_C20_F2.nd2
2,0.5,0.0175,0.10461237976453838,0.4825,4.164159507119116,3.9271742774131018,0.03482587064676617,7,10,KI,C20,2,d7,Plate1,/Users/pmihack/claire/tmem_2026/data/cleaved_tmem_pld3_260821/d7/Z60_PLD_TMEMki/PLD3TMEM106B_Plate1_d7_TMEM561LAMP1640MAP2488DAPI405_C20_F2.nd2
6,0.6666666666666666,0.25666666666666665,0.17307673314329558,0.41,0.0541666666666665,1.3839574194758972,0.04477611940298507,8,10,KI,C20,2,d7,Plate1,/Users/pmihack/claire/tmem_2026/data/cleaved_tmem_pld3_260821/d7/Z60_PLD_TMEMki/PLD3TMEM106B_Plate1_d7_TMEM561LAMP1640MAP2488DAPI405_C20_F2.nd2
3,1.0,0.2966666666666667,0.2641338044754338,0.7033333333333334,0.0,1.8058550480012696,0.029850746268656716,9,10,KI,C20,2,d7,Plate1,/Users/pmihack/claire/tmem_2026/data/cleaved_tmem_pld3_260821/d7/Z60_PLD_TMEMki/PLD3TMEM106B_Plate1_d7_TMEM561LAMP1640MAP2488DAPI405_C20_F2.nd2
0,,,,,,,,10,10,KI,C20,2,d7,Plate1,/Users/pmihack/claire/tmem_2026/data/cleaved_tmem_pld3_260821/d7/Z60_PLD_TMEMki/PLD3TMEM106B_Plate1_d7_TMEM561LAMP1640MAP2488DAPI405_C20_F2.nd2
3,0.0,0.105,0.1685806763672647,-0.105,4.021487425208615,3.2697739680782787,1.0,11,10,KI,C20,2,d7,Plate1,/Users/pmihack/claire/tmem_2026/data/cleaved_tmem_pld3_260821/d7/Z60_PLD_TMEMki/PLD3TMEM106B_Plate1_d7_TMEM561LAMP1640MAP2488DAPI405_C20_F2.nd2
0,,,,,,,,12,10,KI,C20,2,d7,Plate1,/Users/pmihack/claire/tmem_2026/data/cleaved_tmem_pld3_260821/d7/Z60_PLD_TMEMki/PLD3TMEM106B_Plate1_d7_TMEM561LAMP1640MAP2488DAPI405_C20_F2.nd2
0,,,,,,,,13,10,KI,C20,2,d7,Plate1,/Users/pmihack/claire/tmem_2026/data/cleaved_tmem_pld3_260821/d7/Z60_PLD_TMEMki/PLD3TMEM106B_Plate1_d7_TMEM561LAMP1640MAP2488DAPI405_C20_F2.nd2
0,,,,,,,,14,10,KI,C20,2,d7,Plate1,/Users/pmihack/claire/tmem_2026/data/cleaved_tmem_pld3_260821/d7/Z60_PLD_TMEMki/PLD3TMEM106B_Plate1_d7_TMEM561LAMP1640MAP2488DAPI405_C20_F2.nd2
7,0.8571428571428571,0.11714285714285712,0.12434317226850826,0.74,0.0,2.4819238913047545,0.004975124378109453,15,10,KI,C20,2,d7,Plate1,/Users/pmihack/claire/tmem_2026/data/cleaved_tmem_pld3_260821/d7/Z60_PLD_TMEMki/PLD3TMEM106B_Plate1_d7_TMEM561LAMP1640MAP2488DAPI405_C20_F2.nd2
2,1.0,0.1325,0.23705220943918662,0.8674999999999999,0.0,3.3648337425179284,0.01990049751243781,16,10,KI,C20,2,d7,Plate1,/Users/pmihack/claire/tmem_2026/data/cleaved_tmem_pld3_260821/d7/Z60_PLD_TMEMki/PLD3TMEM106B_Plate1_d7_TMEM561LAMP1640MAP2488DAPI405_C20_F2.nd2
6,0.5,0.10666666666666666,0.12806248474865697,0.3933333333333333,0.4421233732591192,1.822962885429319,0.024875621890547265,17,10,KI,C20,2,d7,Plate1,/Users/pmihack/claire/tmem_2026/data/cleaved_tmem_pld3_260821/d7/Z60_PLD_TMEMki/PLD3TMEM106B_Plate1_d7_TMEM561LAMP1640MAP2488DAPI405_C20_F2.nd2
3,1.0,0.05833333333333333,0.13096861371251425,0.9416666666666667,0.0,4.232957802346663,0.004975124378109453,18,10,KI,C20,2,d7,Plate1,/Users/pmihack/claire/tmem_2026/data/cleaved_tmem_pld3_260821/d7/Z60_PLD_TMEMki/PLD3TMEM106B_Plate1_d7_TMEM561LAMP1640MAP2488DAPI405_C20_F2.nd2
3,0.6666666666666666,0.15166666666666664,0.20493223812329336,0.515,0.24224069756247646,1.9206632279841784,0.05970149253731343,19,10,KI,C20,2,d7,Plate1,/Users/pmihack/claire/tmem_2026/data/cleaved_tmem_pld3_260821/d7/Z60_PLD_TMEMki/PLD3TMEM106B_Plate1_d7_TMEM561LAMP1640MAP2488DAPI405_C20_F2.nd2
0,,,,,,,,20,10,KI,C20,2,d7,Plate1,/Users/pmihack/claire/tmem_2026/data/cleaved_tmem_pld3_260821/d7/Z60_PLD_TMEMki/PLD3TMEM106B_Plate1_d7_TMEM561LAMP1640MAP2488DAPI405_C20_F2.nd2
0,,,,,,,,21,10,KI,C20,2,d7,Plate1,/Users/pmihack/claire/tmem_2026/data/cleaved_tmem_pld3_260821/d7/Z60_PLD_TMEMki/PLD3TMEM106B_Plate1_d7_TMEM561LAMP1640MAP2488DAPI405_C20_F2.nd2
