condition,file,lamp1_p50,lamp1_mean,otsu_p50bg,otsu_fixed_bg
KO,TMEMKO_Plate1_d7_TMEM561LAMP1640MAP2488DAPI405_C8_F1.nd2,140.0,336.57467699050903,3779.521484375,3780.888671875
KO,TMEMKO_Plate1_d7_TMEM561LAMP1640MAP2488DAPI405_C8_F2.nd2,137.0,163.5382034778595,1289.830078125,1290.7265625
KO,TMEMKO_Plate1_d7_TMEM561LAMP1640MAP2488DAPI405_C8_F3.nd2,137.0,182.67664790153503,3118.587890625,2918.3515625
KO,TMEMKO_Plate1_d7_TMEM561LAMP1640MAP2488DAPI405_C8_F4.nd2,134.0,170.25395727157593,1875.439453125,1877.052734375
KO,TMEMKO_Plate1_d7_TMEM561LAMP1640MAP2488DAPI405_D8_F1.nd2,135.0,160.8155550956726,24652.734375,24147.333984375
KO,TMEMKO_Plate1_d7_TMEM561LAMP1640MAP2488DAPI405_D8_F2.nd2,135.0,226.18271350860596,3448.828125,3449.619140625
KO,TMEMKO_Plate1_d7_TMEM561LAMP1640MAP2488DAPI405_D8_F3.nd2,136.0,197.71943640708923,2339.037109375,2339.755859375
KO,TMEMKO_Plate1_d7_TMEM561LAMP1640MAP2488DAPI405_D8_F4.nd2,136.0,202.52586555480957,2702.373046875,2703.529296875
KO,TMEMKO_Plate1_d7_TMEM561LAMP1640MAP2488DAPI405_E8_F1.nd2,135.0,157.87110662460327,1585.44921875,1399.365234375
KO,TMEMKO_Plate1_d7_TMEM561LAMP1640MAP2488DAPI405_E8_F2.nd2,134.0,161.16102623939514,8089.453125,8091.23046875
KO,TMEMKO_Plate1_d7_TMEM561LAMP1640MAP2488DAPI405_E8_F3.nd2,135.0,204.10041213035583,4981.640625,4982.783203125
KO,TMEMKO_Plate1_d7_TMEM561LAMP1640MAP2488DAPI405_E8_F4.nd2,138.0,281.6599962711334,3381.615234375,3382.634765625
KO,TMEMKO_Plate1_d7_TMEM561LAMP1640MAP2488DAPI405_F8_F1.nd2,137.0,185.49506449699402,10857.08984375,10604.384765625
KO,TMEMKO_Plate1_d7_TMEM561LAMP1640MAP2488DAPI405_F8_F2.nd2,135.0,176.4763684272766,6253.30859375,6255.037109375
KO,TMEMKO_Plate1_d7_TMEM561LAMP1640MAP2488DAPI405_F8_F3.nd2,138.0,222.93893384933472,2682.298828125,2683.037109375
KO,TMEMKO_Plate1_d7_TMEM561LAMP1640MAP2488DAPI405_F8_F4.nd2,134.0,169.20183324813843,29251.619140625,29257.880859375
KO,TMEMKO_Plate1_d7_TMEM561LAMP1640MAP2488DAPI405_G8_F1.nd2,135.0,159.60598254203796,12901.171875,12904.130859375
KO,TMEMKO_Plate1_d7_TMEM561LAMP1640MAP2488DAPI405_G8_F2.nd2,144.0,421.7805473804474,5236.388671875,5238.310546875
KO,TMEMKO_Plate1_d7_TMEM561LAMP1640MAP2488DAPI405_G8_F3.nd2,137.0,222.7908055782318,3066.6015625,3067.763671875
KO,TMEMKO_Plate1_d7_TMEM561LAMP1640MAP2488DAPI405_G8_F4.nd2,135.0,184.34933638572693,3373.611328125,3374.51953125
KO,TMEMKO_Plate1_d7_TMEM561LAMP1640MAP2488DAPI405_H8_F1.nd2,136.0,179.2658772468567,3221.4921875,3222.3984375
KO,TMEMKO_Plate1_d7_TMEM561LAMP1640MAP2488DAPI405_H8_F2.nd2,136.0,174.5909869670868,1962.79296875,1963.57421875
KO,TMEMKO_Plate1_d7_TMEM561LAMP1640MAP2488DAPI405_H8_F3.nd2,137.0,203.17563557624817,1978.109375,1978.673828125
KO,TMEMKO_Plate1_d7_TMEM561LAMP1640MAP2488DAPI405_H8_F4.nd2,135.0,183.45473885536194,11623.828125,11626.494140625
Control,PLD3Control_Plate1_d7_TMEM561LAMP1640MAP2488DAPI405_C17_F1.nd2,135.0,182.77852272987366,14163.623046875,14166.93359375
Control,PLD3Control_Plate1_d7_TMEM561LAMP1640MAP2488DAPI405_C17_F2.nd2,134.0,197.6638629436493,3339.517578125,3340.966796875
Control,PLD3Control_Plate1_d7_TMEM561LAMP1640MAP2488DAPI405_C17_F3.nd2,142.0,306.01003885269165,3693.59375,3695.09765625
Control,PLD3Control_Plate1_d7_TMEM561LAMP1640MAP2488DAPI405_C17_F4.nd2,139.0,284.2558808326721,3540.654296875,3542.02734375
Control,PLD3Control_Plate1_d7_TMEM561LAMP1640MAP2488DAPI405_D17_F1.nd2,135.0,167.43072628974915,1873.615234375,1874.46484375
Control,PLD3Control_Plate1_d7_TMEM561LAMP1640MAP2488DAPI405_D17_F2.nd2,133.0,148.01047134399414,547.205078125,547.94140625
Control,PLD3Control_Plate1_d7_TMEM561LAMP1640MAP2488DAPI405_D17_F3.nd2,135.0,251.47645211219788,4215.234375,4216.201171875
Control,PLD3Control_Plate1_d7_TMEM561LAMP1640MAP2488DAPI405_D17_F4.nd2,138.0,325.12936902046204,3704.126953125,3705.146484375
Control,PLD3Control_Plate1_d7_TMEM561LAMP1640MAP2488DAPI405_E17_F1.nd2,133.0,163.23945498466492,2025.65234375,2026.134765625
Control,PLD3Control_Plate1_d7_TMEM561LAMP1640MAP2488DAPI405_E17_F2.nd2,134.0,160.27431535720825,1262.95703125,1205.3359375
Control,PLD3Control_Plate1_d7_TMEM561LAMP1640MAP2488DAPI405_E17_F3.nd2,136.0,281.2047436237335,4211.23828125,4212.45703125
Control,PLD3Control_Plate1_d7_TMEM561LAMP1640MAP2488DAPI405_E17_F4.nd2,135.0,318.87605595588684,4470.703125,4471.728515625
Control,PLD3Control_Plate1_d7_TMEM561LAMP1640MAP2488DAPI405_F17_F1.nd2,135.0,175.83143663406372,3698.876953125,3700.1953125
Control,PLD3Control_Plate1_d7_TMEM561LAMP1640MAP2488DAPI405_F17_F2.nd2,136.0,290.5914556980133,3861.685546875,3863.029296875
Control,PLD3Control_Plate1_d7_TMEM561LAMP1640MAP2488DAPI405_F17_F3.nd2,134.0,174.87558317184448,2409.78515625,2411.015625
Control,PLD3Control_Plate1_d7_TMEM561LAMP1640MAP2488DAPI405_F17_F4.nd2,135.0,151.28787660598755,710.013671875,710.5703125
Control,PLD3Control_Plate1_d7_TMEM561LAMP1640MAP2488DAPI405_G17_F1.nd2,136.0,223.52943921089172,3470.412109375,3471.568359375
Control,PLD3Control_Plate1_d7_TMEM561LAMP1640MAP2488DAPI405_G17_F2.nd2,136.0,184.68730807304382,1895.76171875,1896.66796875
Control,PLD3Control_Plate1_d7_TMEM561LAMP1640MAP2488DAPI405_G17_F3.nd2,137.0,277.5589895248413,3239.9609375,3241.123046875
Control,PLD3Control_Plate1_d7_TMEM561LAMP1640MAP2488DAPI405_G17_F4.nd2,138.0,308.18501901626587,4470.498046875,4471.728515625
Control,PLD3Control_Plate1_d7_TMEM561LAMP1640MAP2488DAPI405_H17_F1.nd2,138.0,283.5216498374939,3562.958984375,3564.189453125
Control,PLD3Control_Plate1_d7_TMEM561LAMP1640MAP2488DAPI405_H17_F2.nd2,138.0,317.0722451210022,4328.326171875,4330.119140625
Control,PLD3Control_Plate1_d7_TMEM561LAMP1640MAP2488DAPI405_H17_F3.nd2,143.0,363.4155898094177,4014.71484375,4016.466796875
Control,PLD3Control_Plate1_d7_TMEM561LAMP1640MAP2488DAPI405_H17_F4.nd2,139.0,218.82020354270935,2362.869140625,2363.87109375
KI,PLD3TMEM106B_Plate1_d7_TMEM561LAMP1640MAP2488DAPI405_C20_F1.nd2,141.0,338.56894087791443,4925.478515625,4927.32421875
KI,PLD3TMEM106B_Plate1_d7_TMEM561LAMP1640MAP2488DAPI405_C20_F2.nd2,141.0,346.0817036628723,4470.29296875,4471.728515625
KI,PLD3TMEM106B_Plate1_d7_TMEM561LAMP1640MAP2488DAPI405_C20_F3.nd2,134.0,149.6879482269287,4519.8828125,4521.71484375
KI,PLD3TMEM106B_Plate1_d7_TMEM561LAMP1640MAP2488DAPI405_C20_F4.nd2,137.0,236.12620186805725,4996.447265625,4998.40625
KI,PLD3TMEM106B_Plate1_d7_TMEM561LAMP1640MAP2488DAPI405_D20_F1.nd2,133.0,272.48134541511536,3959.88671875,3960.673828125
KI,PLD3TMEM106B_Plate1_d7_TMEM561LAMP1640MAP2488DAPI405_D20_F2.nd2,135.0,275.15589666366577,4490.091796875,4491.5859375
KI,PLD3TMEM106B_Plate1_d7_TMEM561LAMP1640MAP2488DAPI405_D20_F3.nd2,133.0,235.2833490371704,4390.859375,4392.103515625
KI,PLD3TMEM106B_Plate1_d7_TMEM561LAMP1640MAP2488DAPI405_D20_F4.nd2,139.0,313.89930963516235,3158.314453125,3159.76171875
KI,PLD3TMEM106B_Plate1_d7_TMEM561LAMP1640MAP2488DAPI405_E20_F1.nd2,131.0,160.1473650932312,1618.37890625,1619.259765625
KI,PLD3TMEM106B_Plate1_d7_TMEM561LAMP1640MAP2488DAPI405_E20_F2.nd2,132.0,183.17737579345703,3563.0390625,3564.609375
KI,PLD3TMEM106B_Plate1_d7_TMEM561LAMP1640MAP2488DAPI405_E20_F3.nd2,137.0,313.8429296016693,3761.669921875,3763.03125
KI,PLD3TMEM106B_Plate1_d7_TMEM561LAMP1640MAP2488DAPI405_E20_F4.nd2,135.0,253.89924502372742,4315.734375,4317.755859375
KI,PLD3TMEM106B_Plate1_d7_TMEM561LAMP1640MAP2488DAPI405_F20_F1.nd2,134.0,208.5699326992035,4361.736328125,4363.349609375
KI,PLD3TMEM106B_Plate1_d7_TMEM561LAMP1640MAP2488DAPI405_F20_F2.nd2,134.0,177.6782352924347,2776.69140625,2778.359375
KI,PLD3TMEM106B_Plate1_d7_TMEM561LAMP1640MAP2488DAPI405_F20_F3.nd2,136.0,268.1588366031647,4130.125,4131.59375
KI,PLD3TMEM106B_Plate1_d7_TMEM561LAMP1640MAP2488DAPI405_F20_F4.nd2,133.0,142.6123330593109,2452.712890625,2453.75390625
KI,PLD3TMEM106B_Plate1_d7_TMEM561LAMP1640MAP2488DAPI405_G20_F1.nd2,135.0,263.34608244895935,5492.578125,5493.837890625
KI,PLD3TMEM106B_Plate1_d7_TMEM561LAMP1640MAP2488DAPI405_G20_F2.nd2,136.0,357.05199217796326,5747.958984375,5749.365234375
KI,PLD3TMEM106B_Plate1_d7_TMEM561LAMP1640MAP2488DAPI405_G20_F3.nd2,135.0,308.52912950515747,6258.984375,6260.419921875
KI,PLD3TMEM106B_Plate1_d7_TMEM561LAMP1640MAP2488DAPI405_G20_F4.nd2,135.0,280.88155698776245,5944.58203125,5945.958984375
KI,PLD3TMEM106B_Plate1_d7_TMEM561LAMP1640MAP2488DAPI405_H20_F1.nd2,140.0,303.50729179382324,3768.380859375,3769.669921875
KI,PLD3TMEM106B_Plate1_d7_TMEM561LAMP1640MAP2488DAPI405_H20_F2.nd2,138.0,278.1195766925812,3704.126953125,3705.146484375
KI,PLD3TMEM106B_Plate1_d7_TMEM561LAMP1640MAP2488DAPI405_H20_F3.nd2,133.0,140.93921518325806,1693.712890625,1695.4140625
KI,PLD3TMEM106B_Plate1_d7_TMEM561LAMP1640MAP2488DAPI405_H20_F4.nd2,136.0,205.29349875450134,3929.208984375,3930.552734375
