condition,file,p99,p99.9,p99.99,otsu_raw,n_cells
KO,TMEMKO_Plate1_d7_TMEM561LAMP1640MAP2488DAPI405_C8_F1.nd2,184.0,476.0,2389.0,2104.7265625,19
KO,TMEMKO_Plate1_d7_TMEM561LAMP1640MAP2488DAPI405_C8_F2.nd2,151.0,259.0,632.0,109.94140625,25
KO,TMEMKO_Plate1_d7_TMEM561LAMP1640MAP2488DAPI405_C8_F3.nd2,170.0,573.2670288085938,4351.66748046875,2799.6796875,21
KO,TMEMKO_Plate1_d7_TMEM561LAMP1640MAP2488DAPI405_C8_F4.nd2,144.0,211.5780029296875,319.0,115.25,26
KO,TMEMKO_Plate1_d7_TMEM561LAMP1640MAP2488DAPI405_D8_F1.nd2,190.0,430.4429931640625,1614.075927734375,855.369140625,18
KO,TMEMKO_Plate1_d7_TMEM561LAMP1640MAP2488DAPI405_D8_F2.nd2,219.0,453.0,2310.6083984375,7378.076171875,26
KO,TMEMKO_Plate1_d7_TMEM561LAMP1640MAP2488DAPI405_D8_F3.nd2,255.0,551.0,1750.0,2009.439453125,20
KO,TMEMKO_Plate1_d7_TMEM561LAMP1640MAP2488DAPI405_D8_F4.nd2,196.0,354.0,1081.6380615234375,1012.99609375,20
KO,TMEMKO_Plate1_d7_TMEM561LAMP1640MAP2488DAPI405_E8_F1.nd2,153.0,253.0,773.2249145507812,702.431640625,21
KO,TMEMKO_Plate1_d7_TMEM561LAMP1640MAP2488DAPI405_E8_F2.nd2,159.0,329.0,1057.523193359375,792.392578125,27
KO,TMEMKO_Plate1_d7_TMEM561LAMP1640MAP2488DAPI405_E8_F3.nd2,216.0,410.0,3217.295654296875,7214.537109375,21
KO,TMEMKO_Plate1_d7_TMEM561LAMP1640MAP2488DAPI405_E8_F4.nd2,222.0,385.0,896.0,2985.005859375,22
KO,TMEMKO_Plate1_d7_TMEM561LAMP1640MAP2488DAPI405_F8_F1.nd2,207.0,596.0,5106.61474609375,3802.302734375,21
KO,TMEMKO_Plate1_d7_TMEM561LAMP1640MAP2488DAPI405_F8_F2.nd2,235.0,528.0,1687.1761474609375,882.373046875,21
KO,TMEMKO_Plate1_d7_TMEM561LAMP1640MAP2488DAPI405_F8_F3.nd2,277.0,601.0,2367.44580078125,1261.26953125,30
KO,TMEMKO_Plate1_d7_TMEM561LAMP1640MAP2488DAPI405_F8_F4.nd2,159.0,321.0,2418.16552734375,4889.046875,26
KO,TMEMKO_Plate1_d7_TMEM561LAMP1640MAP2488DAPI405_G8_F1.nd2,214.0,439.0,2505.353271484375,4030.69140625,19
KO,TMEMKO_Plate1_d7_TMEM561LAMP1640MAP2488DAPI405_G8_F2.nd2,230.0,480.0,1777.0,7437.015625,36
KO,TMEMKO_Plate1_d7_TMEM561LAMP1640MAP2488DAPI405_G8_F3.nd2,291.0,970.0,4170.58203125,5973.703125,29
KO,TMEMKO_Plate1_d7_TMEM561LAMP1640MAP2488DAPI405_G8_F4.nd2,236.0,506.0710144042969,2185.485107421875,4725.302734375,19
KO,TMEMKO_Plate1_d7_TMEM561LAMP1640MAP2488DAPI405_H8_F1.nd2,203.0,499.5169982910156,1545.7237548828125,639.083984375,13
KO,TMEMKO_Plate1_d7_TMEM561LAMP1640MAP2488DAPI405_H8_F2.nd2,170.0,394.0,1272.0,951.3203125,14
KO,TMEMKO_Plate1_d7_TMEM561LAMP1640MAP2488DAPI405_H8_F3.nd2,238.0,751.0,3396.52001953125,2486.33984375,23
KO,TMEMKO_Plate1_d7_TMEM561LAMP1640MAP2488DAPI405_H8_F4.nd2,191.0,431.0,1361.1121826171875,631.884765625,16
Control,PLD3Control_Plate1_d7_TMEM561LAMP1640MAP2488DAPI405_C17_F1.nd2,163.0,302.0,900.7705078125,1248.15234375,18
Control,PLD3Control_Plate1_d7_TMEM561LAMP1640MAP2488DAPI405_C17_F2.nd2,160.0,270.0,420.0,120.2578125,16
Control,PLD3Control_Plate1_d7_TMEM561LAMP1640MAP2488DAPI405_C17_F3.nd2,171.0,361.0,1527.0,1292.919921875,25
Control,PLD3Control_Plate1_d7_TMEM561LAMP1640MAP2488DAPI405_C17_F4.nd2,180.0,343.0,1384.0,1273.85546875,24
Control,PLD3Control_Plate1_d7_TMEM561LAMP1640MAP2488DAPI405_D17_F1.nd2,165.0,298.0,637.0,96.421875,18
Control,PLD3Control_Plate1_d7_TMEM561LAMP1640MAP2488DAPI405_D17_F2.nd2,165.0,289.0,593.531494140625,164.849609375,17
Control,PLD3Control_Plate1_d7_TMEM561LAMP1640MAP2488DAPI405_D17_F3.nd2,172.0,323.0,869.947998046875,410.73046875,18
Control,PLD3Control_Plate1_d7_TMEM561LAMP1640MAP2488DAPI405_D17_F4.nd2,212.0,441.0,1296.0,1400.1875,18
Control,PLD3Control_Plate1_d7_TMEM561LAMP1640MAP2488DAPI405_E17_F1.nd2,170.0,307.0,1042.0220947265625,1590.341796875,17
Control,PLD3Control_Plate1_d7_TMEM561LAMP1640MAP2488DAPI405_E17_F2.nd2,178.0,404.0,2443.766357421875,1812.267578125,16
Control,PLD3Control_Plate1_d7_TMEM561LAMP1640MAP2488DAPI405_E17_F3.nd2,256.0,581.0,1821.0,1086.06640625,20
Control,PLD3Control_Plate1_d7_TMEM561LAMP1640MAP2488DAPI405_E17_F4.nd2,263.0,680.0,1934.242431640625,630.064453125,23
Control,PLD3Control_Plate1_d7_TMEM561LAMP1640MAP2488DAPI405_F17_F1.nd2,179.0,305.0,689.0,128.953125,16
Control,PLD3Control_Plate1_d7_TMEM561LAMP1640MAP2488DAPI405_F17_F2.nd2,225.0,408.0,1161.248779296875,1603.095703125,17
Control,PLD3Control_Plate1_d7_TMEM561LAMP1640MAP2488DAPI405_F17_F3.nd2,168.0,359.0,1760.6513671875,1121.2578125,13
Control,PLD3Control_Plate1_d7_TMEM561LAMP1640MAP2488DAPI405_F17_F4.nd2,167.0,348.0,3117.2529296875,4413.130859375,27
Control,PLD3Control_Plate1_d7_TMEM561LAMP1640MAP2488DAPI405_G17_F1.nd2,223.0,424.0,950.0,165.376953125,18
Control,PLD3Control_Plate1_d7_TMEM561LAMP1640MAP2488DAPI405_G17_F2.nd2,159.0,287.0,849.0,1245.587890625,13
Control,PLD3Control_Plate1_d7_TMEM561LAMP1640MAP2488DAPI405_G17_F3.nd2,235.0,497.0,1642.9761962890625,1214.203125,17
Control,PLD3Control_Plate1_d7_TMEM561LAMP1640MAP2488DAPI405_G17_F4.nd2,242.0,687.0,4725.0,4149.814453125,25
Control,PLD3Control_Plate1_d7_TMEM561LAMP1640MAP2488DAPI405_H17_F1.nd2,175.0,367.0,4567.10302734375,6633.91015625,16
Control,PLD3Control_Plate1_d7_TMEM561LAMP1640MAP2488DAPI405_H17_F2.nd2,171.0,432.0,3147.4169921875,3636.982421875,25
Control,PLD3Control_Plate1_d7_TMEM561LAMP1640MAP2488DAPI405_H17_F3.nd2,205.0,567.0,3536.822509765625,4104.63671875,17
Control,PLD3Control_Plate1_d7_TMEM561LAMP1640MAP2488DAPI405_H17_F4.nd2,169.0,303.0,659.2293701171875,125.0,18
KI,PLD3TMEM106B_Plate1_d7_TMEM561LAMP1640MAP2488DAPI405_C20_F1.nd2,1057.0,2814.0,5293.1787109375,761.205078125,16
KI,PLD3TMEM106B_Plate1_d7_TMEM561LAMP1640MAP2488DAPI405_C20_F2.nd2,942.0,2851.760986328125,6979.88037109375,894.134765625,21
KI,PLD3TMEM106B_Plate1_d7_TMEM561LAMP1640MAP2488DAPI405_C20_F3.nd2,320.0,1188.0,6495.08642578125,3346.80078125,20
KI,PLD3TMEM106B_Plate1_d7_TMEM561LAMP1640MAP2488DAPI405_C20_F4.nd2,1491.0,3280.0,6022.00341796875,812.958984375,10
KI,PLD3TMEM106B_Plate1_d7_TMEM561LAMP1640MAP2488DAPI405_D20_F1.nd2,402.0,919.0,2223.023681640625,326.490234375,30
KI,PLD3TMEM106B_Plate1_d7_TMEM561LAMP1640MAP2488DAPI405_D20_F2.nd2,480.0,1335.0,3071.423583984375,469.95703125,19
KI,PLD3TMEM106B_Plate1_d7_TMEM561LAMP1640MAP2488DAPI405_D20_F3.nd2,172.0,318.0,1243.2969970703125,772.505859375,17
KI,PLD3TMEM106B_Plate1_d7_TMEM561LAMP1640MAP2488DAPI405_D20_F4.nd2,349.0,898.0,1615.1524658203125,334.8515625,11
KI,PLD3TMEM106B_Plate1_d7_TMEM561LAMP1640MAP2488DAPI405_E20_F1.nd2,331.0,3639.345947265625,11745.0322265625,3068.248046875,20
KI,PLD3TMEM106B_Plate1_d7_TMEM561LAMP1640MAP2488DAPI405_E20_F2.nd2,824.3699951171875,1694.0,2821.134765625,495.74609375,12
KI,PLD3TMEM106B_Plate1_d7_TMEM561LAMP1640MAP2488DAPI405_E20_F3.nd2,960.0,2588.0,4904.130859375,681.263671875,18
KI,PLD3TMEM106B_Plate1_d7_TMEM561LAMP1640MAP2488DAPI405_E20_F4.nd2,1198.0,2818.0,4736.0,763.43359375,17
KI,PLD3TMEM106B_Plate1_d7_TMEM561LAMP1640MAP2488DAPI405_F20_F1.nd2,1146.0,2936.9609375,5047.0,816.83984375,13
KI,PLD3TMEM106B_Plate1_d7_TMEM561LAMP1640MAP2488DAPI405_F20_F2.nd2,994.0,3013.0,5999.79052734375,931.783203125,12
KI,PLD3TMEM106B_Plate1_d7_TMEM561LAMP1640MAP2488DAPI405_F20_F3.nd2,827.0,5206.0,16812.6171875,4093.23828125,18
KI,PLD3TMEM106B_Plate1_d7_TMEM561LAMP1640MAP2488DAPI405_F20_F4.nd2,598.0,11651.5400390625,28661.994140625,7286.662109375,10
KI,PLD3TMEM106B_Plate1_d7_TMEM561LAMP1640MAP2488DAPI405_G20_F1.nd2,166.0,275.0,581.0,143.68359375,19
KI,PLD3TMEM106B_Plate1_d7_TMEM561LAMP1640MAP2488DAPI405_G20_F2.nd2,350.0,810.0,2335.805908203125,293.708984375,21
KI,PLD3TMEM106B_Plate1_d7_TMEM561LAMP1640MAP2488DAPI405_G20_F3.nd2,294.0,735.0,2444.28271484375,2041.1015625,14
KI,PLD3TMEM106B_Plate1_d7_TMEM561LAMP1640MAP2488DAPI405_G20_F4.nd2,253.0,566.0,1294.057373046875,245.984375,16
KI,PLD3TMEM106B_Plate1_d7_TMEM561LAMP1640MAP2488DAPI405_H20_F1.nd2,337.0,947.0,2980.84716796875,1575.33203125,14
KI,PLD3TMEM106B_Plate1_d7_TMEM561LAMP1640MAP2488DAPI405_H20_F2.nd2,385.0,1155.0159912109375,3703.0,862.400390625,15
KI,PLD3TMEM106B_Plate1_d7_TMEM561LAMP1640MAP2488DAPI405_H20_F3.nd2,289.0,1524.7010498046875,8260.7421875,4021.671875,11
KI,PLD3TMEM106B_Plate1_d7_TMEM561LAMP1640MAP2488DAPI405_H20_F4.nd2,241.0,576.0,1521.9078369140625,373.955078125,21
