image_id,relative_path,file_name,file_format,file_size_bytes,modified_time,series_index,raw_or_derived,reader,reader_version,dimension_order,size_t,size_c,size_z,size_y,size_x,dtype,pixel_size_x_um,pixel_size_y_um,z_spacing_um,time_interval_s,objective_magnification,objective_na,objective_name,microscope_modality,stage_x_um,stage_y_um,acquisition_datetime,plate_id,well_id,field_id,sample_id,parse_status,parse_error,raw_metadata_json,fingerprint_type,fingerprint,_excitation_cleared
Z60_PLD_TMEMki/PLD3TMEM106B_Plate1_d28_TMEM561LAMP1640MAP2488DAPI405_C20_F3.nd2::0,Z60_PLD_TMEMki/PLD3TMEM106B_Plate1_d28_TMEM561LAMP1640MAP2488DAPI405_C20_F3.nd2,PLD3TMEM106B_Plate1_d28_TMEM561LAMP1640MAP2488DAPI405_C20_F3.nd2,nd2,537595904,2026-08-28T17:03:52+00:00,0,raw,nd2,0.11.3,ZCYX,,4,16,2048,2048,uint16,0.108333333333333,0.108333333333333,0.3,,60.0,1.27,Plan Apo IR 60x WI DIC N2,,-32479.0,-26245.1,,,C20,3,,ok,,"{""sizes"": ""{'Z': 16, 'C': 4, 'Y': 2048, 'X': 2048}""}",fast,bd04930e524a6c72fb79fd0309ac94da012dd4761d725c47581a5682d1e4d944,True
Z60_PLD_TMEMki/PLD3TMEM106B_Plate1_d28_TMEM561LAMP1640MAP2488DAPI405_H20_F1.nd2::0,Z60_PLD_TMEMki/PLD3TMEM106B_Plate1_d28_TMEM561LAMP1640MAP2488DAPI405_H20_F1.nd2,PLD3TMEM106B_Plate1_d28_TMEM561LAMP1640MAP2488DAPI405_H20_F1.nd2,nd2,470474752,2026-08-28T17:48:48+00:00,0,raw,nd2,0.11.3,ZCYX,,4,14,2048,2048,uint16,0.108333333333333,0.108333333333333,0.3,,60.0,1.27,Plan Apo IR 60x WI DIC N2,,-32617.4,-3485.2,,,H20,1,,ok,,"{""sizes"": ""{'Z': 14, 'C': 4, 'Y': 2048, 'X': 2048}""}",fast,014a5b5d964bc701ee5a553449d115d053d43a993022c68710433c9061822a78,True
Z60_PLD_TMEMki/PLD3TMEM106B_Plate1_d28_TMEM561LAMP1640MAP2488DAPI405_C20_F2.nd2::0,Z60_PLD_TMEMki/PLD3TMEM106B_Plate1_d28_TMEM561LAMP1640MAP2488DAPI405_C20_F2.nd2,PLD3TMEM106B_Plate1_d28_TMEM561LAMP1640MAP2488DAPI405_C20_F2.nd2,nd2,436916224,2026-08-28T17:01:26+00:00,0,raw,nd2,0.11.3,ZCYX,,4,13,2048,2048,uint16,0.108333333333333,0.108333333333333,0.3,,60.0,1.27,Plan Apo IR 60x WI DIC N2,,-32094.1,-25942.3,,,C20,2,,ok,,"{""sizes"": ""{'Z': 13, 'C': 4, 'Y': 2048, 'X': 2048}""}",fast,e6e04b2da7d9b98c82f34fe5a3fcb32aef50bc28ac56e5ba0a48b563fe4a3e75,True
Z60_PLD_TMEMki/PLD3TMEM106B_Plate1_d28_TMEM561LAMP1640MAP2488DAPI405_H20_F3.nd2::0,Z60_PLD_TMEMki/PLD3TMEM106B_Plate1_d28_TMEM561LAMP1640MAP2488DAPI405_H20_F3.nd2,PLD3TMEM106B_Plate1_d28_TMEM561LAMP1640MAP2488DAPI405_H20_F3.nd2,nd2,436916224,2026-08-28T17:52:18+00:00,0,raw,nd2,0.11.3,ZCYX,,4,13,2048,2048,uint16,0.108333333333333,0.108333333333333,0.3,,60.0,1.27,Plan Apo IR 60x WI DIC N2,,-32047.0,-3745.4,,,H20,3,,ok,,"{""sizes"": ""{'Z': 13, 'C': 4, 'Y': 2048, 'X': 2048}""}",fast,8f5482b6d34781ab730a432774d378b9da2403058ff18d3e51f270c739dc74ef,True
Z60_PLD_TMEMki/PLD3TMEM106B_Plate1_d28_TMEM561LAMP1640MAP2488DAPI405_H20_F2.nd2::0,Z60_PLD_TMEMki/PLD3TMEM106B_Plate1_d28_TMEM561LAMP1640MAP2488DAPI405_H20_F2.nd2,PLD3TMEM106B_Plate1_d28_TMEM561LAMP1640MAP2488DAPI405_H20_F2.nd2,nd2,369799168,2026-08-28T17:50:32+00:00,0,raw,nd2,0.11.3,ZCYX,,4,11,2048,2048,uint16,0.108333333333333,0.108333333333333,0.3,,60.0,1.27,Plan Apo IR 60x WI DIC N2,,-32350.3,-3732.9,,,H20,2,,ok,,"{""sizes"": ""{'Z': 11, 'C': 4, 'Y': 2048, 'X': 2048}""}",fast,14ed1a6fb8f08c120f268ea0b9c0b21407bbf9e35f49528695a1d88f53e21336,True
Z60_PLD_TMEMki/PLD3TMEM106B_Plate1_d28_TMEM561LAMP1640MAP2488DAPI405_C20_F1.nd2::0,Z60_PLD_TMEMki/PLD3TMEM106B_Plate1_d28_TMEM561LAMP1640MAP2488DAPI405_C20_F1.nd2,PLD3TMEM106B_Plate1_d28_TMEM561LAMP1640MAP2488DAPI405_C20_F1.nd2,nd2,537591808,2026-08-28T16:58:44+00:00,0,raw,nd2,0.11.3,ZCYX,,4,16,2048,2048,uint16,0.108333333333333,0.108333333333333,0.3,,60.0,1.27,Plan Apo IR 60x WI DIC N2,,-32805.4,-25715.4,,,C20,1,,ok,,"{""sizes"": ""{'Z': 16, 'C': 4, 'Y': 2048, 'X': 2048}""}",fast,d9a1c37ca9d892dcfacc5e3cd3c0d342c83bef82bb287d17966c2618e60215f4,True
Z60_PLD_TMEMki/PLD3TMEM106B_Plate1_d28_TMEM561LAMP1640MAP2488DAPI405_C20_F4.nd2::0,Z60_PLD_TMEMki/PLD3TMEM106B_Plate1_d28_TMEM561LAMP1640MAP2488DAPI405_C20_F4.nd2,PLD3TMEM106B_Plate1_d28_TMEM561LAMP1640MAP2488DAPI405_C20_F4.nd2,nd2,369799168,2026-08-28T17:06:04+00:00,0,raw,nd2,0.11.3,ZCYX,,4,11,2048,2048,uint16,0.108333333333333,0.108333333333333,0.3,,60.0,1.27,Plan Apo IR 60x WI DIC N2,,-32889.0,-25726.1,,,C20,4,,ok,,"{""sizes"": ""{'Z': 11, 'C': 4, 'Y': 2048, 'X': 2048}""}",fast,f10b731bf82a53d8987a841965020da81b3cc7841b1524ab3265513dfcc8503a,True
Z60_PLD_TMEMki/PLD3TMEM106B_Plate1_d28_TMEM561LAMP1640MAP2488DAPI405_H20_F4.nd2::0,Z60_PLD_TMEMki/PLD3TMEM106B_Plate1_d28_TMEM561LAMP1640MAP2488DAPI405_H20_F4.nd2,PLD3TMEM106B_Plate1_d28_TMEM561LAMP1640MAP2488DAPI405_H20_F4.nd2,nd2,504033280,2026-08-28T17:54:18+00:00,0,raw,nd2,0.11.3,ZCYX,,4,15,2048,2048,uint16,0.108333333333333,0.108333333333333,0.3,,60.0,1.27,Plan Apo IR 60x WI DIC N2,,-31757.6,-3596.4,,,H20,4,,ok,,"{""sizes"": ""{'Z': 15, 'C': 4, 'Y': 2048, 'X': 2048}""}",fast,6214d8a3131798062cf18c61932a0afaea53f8e52e1fbb9d4e304f850fc4088a,True
Z60_PLD_TMEMki/PLD3TMEM106B_Plate1_d28_TMEM561LAMP1640MAP2488DAPI405_E20_F4.nd2::0,Z60_PLD_TMEMki/PLD3TMEM106B_Plate1_d28_TMEM561LAMP1640MAP2488DAPI405_E20_F4.nd2,PLD3TMEM106B_Plate1_d28_TMEM561LAMP1640MAP2488DAPI405_E20_F4.nd2,nd2,369799168,2026-08-28T17:28:18+00:00,0,raw,nd2,0.11.3,ZCYX,,4,11,2048,2048,uint16,0.108333333333333,0.108333333333333,0.3,,60.0,1.27,Plan Apo IR 60x WI DIC N2,,-34296.6,-15433.2,,,E20,4,,ok,,"{""sizes"": ""{'Z': 11, 'C': 4, 'Y': 2048, 'X': 2048}""}",fast,fe368f8b803d5629a62818c2239a8e2a65b43205170d76c06e11179dddc3b1a9,True
Z60_PLD_TMEMki/PLD3TMEM106B_Plate1_d28_TMEM561LAMP1640MAP2488DAPI405_D20_F4.nd2::0,Z60_PLD_TMEMki/PLD3TMEM106B_Plate1_d28_TMEM561LAMP1640MAP2488DAPI405_D20_F4.nd2,PLD3TMEM106B_Plate1_d28_TMEM561LAMP1640MAP2488DAPI405_D20_F4.nd2,nd2,504033280,2026-08-28T17:15:48+00:00,0,raw,nd2,0.11.3,ZCYX,,4,15,2048,2048,uint16,0.108333333333333,0.108333333333333,0.3,,60.0,1.27,Plan Apo IR 60x WI DIC N2,,-31875.8,-21177.3,,,D20,4,,ok,,"{""sizes"": ""{'Z': 15, 'C': 4, 'Y': 2048, 'X': 2048}""}",fast,56a9543bfacc017d9c18e2b78411ee39158b9c71769d5e012a531b176c010f50,True
Z60_PLD_TMEMki/PLD3TMEM106B_Plate1_d28_TMEM561LAMP1640MAP2488DAPI405_E20_F3.nd2::0,Z60_PLD_TMEMki/PLD3TMEM106B_Plate1_d28_TMEM561LAMP1640MAP2488DAPI405_E20_F3.nd2,PLD3TMEM106B_Plate1_d28_TMEM561LAMP1640MAP2488DAPI405_E20_F3.nd2,nd2,369799168,2026-08-28T17:25:44+00:00,0,raw,nd2,0.11.3,ZCYX,,4,11,2048,2048,uint16,0.108333333333333,0.108333333333333,0.3,,60.0,1.27,Plan Apo IR 60x WI DIC N2,,-31904.6,-15457.0,,,E20,3,,ok,,"{""sizes"": ""{'Z': 11, 'C': 4, 'Y': 2048, 'X': 2048}""}",fast,1e97457487eb0884a1e271f64467976e47e285a3be7bd27a268e0ad053c55a9b,True
Z60_PLD_TMEMki/PLD3TMEM106B_Plate1_d28_TMEM561LAMP1640MAP2488DAPI405_D20_F3.nd2::0,Z60_PLD_TMEMki/PLD3TMEM106B_Plate1_d28_TMEM561LAMP1640MAP2488DAPI405_D20_F3.nd2,PLD3TMEM106B_Plate1_d28_TMEM561LAMP1640MAP2488DAPI405_D20_F3.nd2,nd2,436920320,2026-08-28T17:13:06+00:00,0,raw,nd2,0.11.3,ZCYX,,4,13,2048,2048,uint16,0.108333333333333,0.108333333333333,0.3,,60.0,1.27,Plan Apo IR 60x WI DIC N2,,-31892.8,-21742.3,,,D20,3,,ok,,"{""sizes"": ""{'Z': 13, 'C': 4, 'Y': 2048, 'X': 2048}""}",fast,c7369dc7f0b9c460e441ae1451edbf18d90d9fe81384f82e844ca70d2d4c63ea,True
Z60_PLD_TMEMki/PLD3TMEM106B_Plate1_d28_TMEM561LAMP1640MAP2488DAPI405_D20_F2.nd2::0,Z60_PLD_TMEMki/PLD3TMEM106B_Plate1_d28_TMEM561LAMP1640MAP2488DAPI405_D20_F2.nd2,PLD3TMEM106B_Plate1_d28_TMEM561LAMP1640MAP2488DAPI405_D20_F2.nd2,nd2,403357696,2026-08-28T17:10:32+00:00,0,raw,nd2,0.11.3,ZCYX,,4,12,2048,2048,uint16,0.108333333333333,0.108333333333333,0.3,,60.0,1.27,Plan Apo IR 60x WI DIC N2,,-32325.3,-21187.6,,,D20,2,,ok,,"{""sizes"": ""{'Z': 12, 'C': 4, 'Y': 2048, 'X': 2048}""}",fast,40aedc2b0b1cc1a29213fc23ce172602041da3ff3b9373bf962b7df470f0a2ad,True
Z60_PLD_TMEMki/PLD3TMEM106B_Plate1_d28_TMEM561LAMP1640MAP2488DAPI405_E20_F2.nd2::0,Z60_PLD_TMEMki/PLD3TMEM106B_Plate1_d28_TMEM561LAMP1640MAP2488DAPI405_E20_F2.nd2,PLD3TMEM106B_Plate1_d28_TMEM561LAMP1640MAP2488DAPI405_E20_F2.nd2,nd2,470478848,2026-08-28T17:23:14+00:00,0,raw,nd2,0.11.3,ZCYX,,4,14,2048,2048,uint16,0.108333333333333,0.108333333333333,0.3,,60.0,1.27,Plan Apo IR 60x WI DIC N2,,-32766.8,-17015.8,,,E20,2,,ok,,"{""sizes"": ""{'Z': 14, 'C': 4, 'Y': 2048, 'X': 2048}""}",fast,52b8653c7d8f5bf6b7c88e4c8b2472ad7c44ab730b97df6d9159f18ee722bacd,True
Z60_PLD_TMEMki/PLD3TMEM106B_Plate1_d28_TMEM561LAMP1640MAP2488DAPI405_E20_F1.nd2::0,Z60_PLD_TMEMki/PLD3TMEM106B_Plate1_d28_TMEM561LAMP1640MAP2488DAPI405_E20_F1.nd2,PLD3TMEM106B_Plate1_d28_TMEM561LAMP1640MAP2488DAPI405_E20_F1.nd2,nd2,403357696,2026-08-28T17:18:00+00:00,0,raw,nd2,0.11.3,ZCYX,,4,12,2048,2048,uint16,0.108333333333333,0.108333333333333,0.3,,60.0,1.27,Plan Apo IR 60x WI DIC N2,,-32761.8,-15870.9,,,E20,1,,ok,,"{""sizes"": ""{'Z': 12, 'C': 4, 'Y': 2048, 'X': 2048}""}",fast,6ebfb4caea540c3b568298b6132d3333f97509e49c53ca829faf3a2a915a39b2,True
Z60_PLD_TMEMki/PLD3TMEM106B_Plate1_d28_TMEM561LAMP1640MAP2488DAPI405_D20_F1.nd2::0,Z60_PLD_TMEMki/PLD3TMEM106B_Plate1_d28_TMEM561LAMP1640MAP2488DAPI405_D20_F1.nd2,PLD3TMEM106B_Plate1_d28_TMEM561LAMP1640MAP2488DAPI405_D20_F1.nd2,nd2,571154432,2026-08-28T17:08:58+00:00,0,raw,nd2,0.11.3,ZCYX,,4,17,2048,2048,uint16,0.108333333333333,0.108333333333333,0.3,,60.0,1.27,Plan Apo IR 60x WI DIC N2,,-32467.3,-21802.0,,,D20,1,,ok,,"{""sizes"": ""{'Z': 17, 'C': 4, 'Y': 2048, 'X': 2048}""}",fast,c6515a9282ac4709527ac3ac64565f2ff9959c8da72c8e6667bd79b1ec47982e,True
Z60_PLD_TMEMki/PLD3TMEM106B_Plate1_d28_TMEM561LAMP1640MAP2488DAPI405_F20_F1.nd2::0,Z60_PLD_TMEMki/PLD3TMEM106B_Plate1_d28_TMEM561LAMP1640MAP2488DAPI405_F20_F1.nd2,PLD3TMEM106B_Plate1_d28_TMEM561LAMP1640MAP2488DAPI405_F20_F1.nd2,nd2,504037376,2026-08-28T17:31:00+00:00,0,raw,nd2,0.11.3,ZCYX,,4,15,2048,2048,uint16,0.108333333333333,0.108333333333333,0.3,,60.0,1.27,Plan Apo IR 60x WI DIC N2,,-32697.8,-11789.6,,,,20,,ok,,"{""sizes"": ""{'Z': 15, 'C': 4, 'Y': 2048, 'X': 2048}""}",fast,c843b5ea4c67ac6dcf27e3afe98d9c35b2be2bc1ea5b91560164e2aff850175b,True
Z60_PLD_TMEMki/PLD3TMEM106B_Plate1_d28_TMEM561LAMP1640MAP2488DAPI405_G20_F1.nd2::0,Z60_PLD_TMEMki/PLD3TMEM106B_Plate1_d28_TMEM561LAMP1640MAP2488DAPI405_G20_F1.nd2,PLD3TMEM106B_Plate1_d28_TMEM561LAMP1640MAP2488DAPI405_G20_F1.nd2,nd2,470478848,2026-08-28T17:39:40+00:00,0,raw,nd2,0.11.3,ZCYX,,4,14,2048,2048,uint16,0.108333333333333,0.108333333333333,0.3,,60.0,1.27,Plan Apo IR 60x WI DIC N2,,-31824.6,-8283.2,,,G20,1,,ok,,"{""sizes"": ""{'Z': 14, 'C': 4, 'Y': 2048, 'X': 2048}""}",fast,6caa18586a1ae087dc5ccb9c87b315d8f397c615060c7dd1f10c6fe288472f01,True
Z60_PLD_TMEMki/PLD3TMEM106B_Plate1_d28_TMEM561LAMP1640MAP2488DAPI405_F20_F3.nd2::0,Z60_PLD_TMEMki/PLD3TMEM106B_Plate1_d28_TMEM561LAMP1640MAP2488DAPI405_F20_F3.nd2,PLD3TMEM106B_Plate1_d28_TMEM561LAMP1640MAP2488DAPI405_F20_F3.nd2,nd2,336240640,2026-08-28T17:34:28+00:00,0,raw,nd2,0.11.3,ZCYX,,4,10,2048,2048,uint16,0.108333333333333,0.108333333333333,0.3,,60.0,1.27,Plan Apo IR 60x WI DIC N2,,-32349.1,-12486.2,,,,20,,ok,,"{""sizes"": ""{'Z': 10, 'C': 4, 'Y': 2048, 'X': 2048}""}",fast,5f3dca404bdd3cf1833034243f485530056b8cc6f76185abccdda6211cd7331c,True
Z60_PLD_TMEMki/PLD3TMEM106B_Plate1_d28_TMEM561LAMP1640MAP2488DAPI405_G20_F3.nd2::0,Z60_PLD_TMEMki/PLD3TMEM106B_Plate1_d28_TMEM561LAMP1640MAP2488DAPI405_G20_F3.nd2,PLD3TMEM106B_Plate1_d28_TMEM561LAMP1640MAP2488DAPI405_G20_F3.nd2,nd2,369799168,2026-08-28T17:44:22+00:00,0,raw,nd2,0.11.3,ZCYX,,4,11,2048,2048,uint16,0.108333333333333,0.108333333333333,0.3,,60.0,1.27,Plan Apo IR 60x WI DIC N2,,-33905.5,-8336.3,,,G20,3,,ok,,"{""sizes"": ""{'Z': 11, 'C': 4, 'Y': 2048, 'X': 2048}""}",fast,f31ef21a69030fccd8a970ef53e9ebe4d1315e2d8c8493b78daace860322005b,True
Z60_PLD_TMEMki/PLD3TMEM106B_Plate1_d28_TMEM561LAMP1640MAP2488DAPI405_G20_F2.nd2::0,Z60_PLD_TMEMki/PLD3TMEM106B_Plate1_d28_TMEM561LAMP1640MAP2488DAPI405_G20_F2.nd2,PLD3TMEM106B_Plate1_d28_TMEM561LAMP1640MAP2488DAPI405_G20_F2.nd2,nd2,504033280,2026-08-28T17:42:24+00:00,0,raw,nd2,0.11.3,ZCYX,,4,15,2048,2048,uint16,0.108333333333333,0.108333333333333,0.3,,60.0,1.27,Plan Apo IR 60x WI DIC N2,,-34540.5,-8048.6,,,G20,2,,ok,,"{""sizes"": ""{'Z': 15, 'C': 4, 'Y': 2048, 'X': 2048}""}",fast,8311cc4f00c68a6e356b254c9a34086affee9aa5a13417c3fcfca0cf5178fd06,True
Z60_PLD_TMEMki/PLD3TMEM106B_Plate1_d28_TMEM561LAMP1640MAP2488DAPI405_F20_F2.nd2::0,Z60_PLD_TMEMki/PLD3TMEM106B_Plate1_d28_TMEM561LAMP1640MAP2488DAPI405_F20_F2.nd2,PLD3TMEM106B_Plate1_d28_TMEM561LAMP1640MAP2488DAPI405_F20_F2.nd2,nd2,369799168,2026-08-28T17:32:36+00:00,0,raw,nd2,0.11.3,ZCYX,,4,11,2048,2048,uint16,0.108333333333333,0.108333333333333,0.3,,60.0,1.27,Plan Apo IR 60x WI DIC N2,,-32354.9,-11858.5,,,,20,,ok,,"{""sizes"": ""{'Z': 11, 'C': 4, 'Y': 2048, 'X': 2048}""}",fast,9c70d1bdbf227a1e77c135b8c6b6f514941f81af6bd61491054cd4942f4b5193,True
Z60_PLD_TMEMki/PLD3TMEM106B_Plate1_d28_TMEM561LAMP1640MAP2488DAPI405_F20_F4.nd2::0,Z60_PLD_TMEMki/PLD3TMEM106B_Plate1_d28_TMEM561LAMP1640MAP2488DAPI405_F20_F4.nd2,PLD3TMEM106B_Plate1_d28_TMEM561LAMP1640MAP2488DAPI405_F20_F4.nd2,nd2,403361792,2026-08-28T17:36:34+00:00,0,raw,nd2,0.11.3,ZCYX,,4,12,2048,2048,uint16,0.108333333333333,0.108333333333333,0.3,,60.0,1.27,Plan Apo IR 60x WI DIC N2,,-34098.6,-10235.5,,,,20,,ok,,"{""sizes"": ""{'Z': 12, 'C': 4, 'Y': 2048, 'X': 2048}""}",fast,29a455d3356f7164e287ff71838ae1fb8d642c191b26cbe0575c806df2322214,True
Z60_PLD_TMEMki/PLD3TMEM106B_Plate1_d28_TMEM561LAMP1640MAP2488DAPI405_G20_F4.nd2::0,Z60_PLD_TMEMki/PLD3TMEM106B_Plate1_d28_TMEM561LAMP1640MAP2488DAPI405_G20_F4.nd2,PLD3TMEM106B_Plate1_d28_TMEM561LAMP1640MAP2488DAPI405_G20_F4.nd2,nd2,470474752,2026-08-28T17:46:16+00:00,0,raw,nd2,0.11.3,ZCYX,,4,14,2048,2048,uint16,0.108333333333333,0.108333333333333,0.3,,60.0,1.27,Plan Apo IR 60x WI DIC N2,,-33689.0,-7236.3,,,G20,4,,ok,,"{""sizes"": ""{'Z': 14, 'C': 4, 'Y': 2048, 'X': 2048}""}",fast,967c77c6ae3a3d9ea7480389b1a24d51ac3510a5a8e32dfd28ed0dafa0f31200,True
Z59_PLD_Control/PLD3Control_Plate1_d28_TMEM561LAMP1640MAP2488DAPI405_E17_F4.nd2::0,Z59_PLD_Control/PLD3Control_Plate1_d28_TMEM561LAMP1640MAP2488DAPI405_E17_F4.nd2,PLD3Control_Plate1_d28_TMEM561LAMP1640MAP2488DAPI405_E17_F4.nd2,nd2,470474752,2026-08-28T18:23:48+00:00,0,raw,nd2,0.11.3,ZCYX,,4,14,2048,2048,uint16,0.108333333333333,0.108333333333333,0.3,,60.0,1.27,Plan Apo IR 60x WI DIC N2,,-18606.2,-17378.8,,,E17,4,,ok,,"{""sizes"": ""{'Z': 14, 'C': 4, 'Y': 2048, 'X': 2048}""}",fast,eda5d1b2e5ea8a95d70020e2516d61e4dbf210f9409548fa551c04694cf4e862,True
Z59_PLD_Control/PLD3Control_Plate1_d28_TMEM561LAMP1640MAP2488DAPI405_E17_F2.nd2::0,Z59_PLD_Control/PLD3Control_Plate1_d28_TMEM561LAMP1640MAP2488DAPI405_E17_F2.nd2,PLD3Control_Plate1_d28_TMEM561LAMP1640MAP2488DAPI405_E17_F2.nd2,nd2,504033280,2026-08-28T18:18:50+00:00,0,raw,nd2,0.11.3,ZCYX,,4,15,2048,2048,uint16,0.108333333333333,0.108333333333333,0.3,,60.0,1.27,Plan Apo IR 60x WI DIC N2,,-20965.7,-14625.3,,,E17,2,,ok,,"{""sizes"": ""{'Z': 15, 'C': 4, 'Y': 2048, 'X': 2048}""}",fast,7a4fd3b0205d71c04193b5d43e9545d314d1c163d82ed6206af03faa8d620ed2,True
Z59_PLD_Control/PLD3Control_Plate1_d28_TMEM561LAMP1640MAP2488DAPI405_E17_F3.nd2::0,Z59_PLD_Control/PLD3Control_Plate1_d28_TMEM561LAMP1640MAP2488DAPI405_E17_F3.nd2,PLD3Control_Plate1_d28_TMEM561LAMP1640MAP2488DAPI405_E17_F3.nd2,nd2,537591808,2026-08-28T18:20:56+00:00,0,raw,nd2,0.11.3,ZCYX,,4,16,2048,2048,uint16,0.108333333333333,0.108333333333333,0.3,,60.0,1.27,Plan Apo IR 60x WI DIC N2,,-18245.2,-14573.3,,,E17,3,,ok,,"{""sizes"": ""{'Z': 16, 'C': 4, 'Y': 2048, 'X': 2048}""}",fast,d8047b08d9a393884bb27a51f27bd166d4bdf7de2fec5a89512d9d03160d1147,True
Z59_PLD_Control/PLD3Control_Plate1_d28_TMEM561LAMP1640MAP2488DAPI405_E17_F1.nd2::0,Z59_PLD_Control/PLD3Control_Plate1_d28_TMEM561LAMP1640MAP2488DAPI405_E17_F1.nd2,PLD3Control_Plate1_d28_TMEM561LAMP1640MAP2488DAPI405_E17_F1.nd2,nd2,504033280,2026-08-28T18:16:38+00:00,0,raw,nd2,0.11.3,ZCYX,,4,15,2048,2048,uint16,0.108333333333333,0.108333333333333,0.3,,60.0,1.27,Plan Apo IR 60x WI DIC N2,,-18809.4,-17124.5,,,E17,1,,ok,,"{""sizes"": ""{'Z': 15, 'C': 4, 'Y': 2048, 'X': 2048}""}",fast,cf4a91d708ed1233c8a744e3fa3cfd9cca1a331af3a7efafe2c74f742033530c,True
Z59_PLD_Control/PLD3Control_Plate1_d28_TMEM561LAMP1640MAP2488DAPI405_C17_F2.nd2::0,Z59_PLD_Control/PLD3Control_Plate1_d28_TMEM561LAMP1640MAP2488DAPI405_C17_F2.nd2,PLD3Control_Plate1_d28_TMEM561LAMP1640MAP2488DAPI405_C17_F2.nd2,nd2,470474752,2026-08-28T18:06:42+00:00,0,raw,nd2,0.11.3,ZCYX,,4,14,2048,2048,uint16,0.108333333333333,0.108333333333333,0.3,,60.0,1.27,Plan Apo IR 60x WI DIC N2,,-19370.2,-25913.1,,,C17,2,,ok,,"{""sizes"": ""{'Z': 14, 'C': 4, 'Y': 2048, 'X': 2048}""}",fast,13ae2f92f579d8501b33d73593b04ec45429ce326d38cd3f855dc7edc8446f1c,True
Z59_PLD_Control/PLD3Control_Plate1_d28_TMEM561LAMP1640MAP2488DAPI405_H17_F1.nd2::0,Z59_PLD_Control/PLD3Control_Plate1_d28_TMEM561LAMP1640MAP2488DAPI405_H17_F1.nd2,PLD3Control_Plate1_d28_TMEM561LAMP1640MAP2488DAPI405_H17_F1.nd2,nd2,504033280,2026-08-28T19:06:36+00:00,0,raw,nd2,0.11.3,ZCYX,,4,15,2048,2048,uint16,0.108333333333333,0.108333333333333,0.3,,60.0,1.27,Plan Apo IR 60x WI DIC N2,,-19288.8,-2656.3,,,H17,1,,ok,,"{""sizes"": ""{'Z': 15, 'C': 4, 'Y': 2048, 'X': 2048}""}",fast,178595778b0a35483337337c1d73dd334d78e9cbe9f380adcb639ec4087771c0,True
Z59_PLD_Control/PLD3Control_Plate1_d28_TMEM561LAMP1640MAP2488DAPI405_C17_F3.nd2::0,Z59_PLD_Control/PLD3Control_Plate1_d28_TMEM561LAMP1640MAP2488DAPI405_C17_F3.nd2,PLD3Control_Plate1_d28_TMEM561LAMP1640MAP2488DAPI405_C17_F3.nd2,nd2,436916224,2026-08-28T18:08:56+00:00,0,raw,nd2,0.11.3,ZCYX,,4,13,2048,2048,uint16,0.108333333333333,0.108333333333333,0.3,,60.0,1.27,Plan Apo IR 60x WI DIC N2,,-18451.7,-26166.5,,,C17,3,,ok,,"{""sizes"": ""{'Z': 13, 'C': 4, 'Y': 2048, 'X': 2048}""}",fast,7dd5d2866f14028572d979778384ca540ed406d5960b9f7ddb25f5e2698dfa6c,True
Z59_PLD_Control/PLD3Control_Plate1_d28_TMEM561LAMP1640MAP2488DAPI405_C17_F1.nd2::0,Z59_PLD_Control/PLD3Control_Plate1_d28_TMEM561LAMP1640MAP2488DAPI405_C17_F1.nd2,PLD3Control_Plate1_d28_TMEM561LAMP1640MAP2488DAPI405_C17_F1.nd2,nd2,436916224,2026-08-28T17:56:42+00:00,0,raw,nd2,0.11.3,ZCYX,,4,13,2048,2048,uint16,0.108333333333333,0.108333333333333,0.3,,60.0,1.27,Plan Apo IR 60x WI DIC N2,,-19338.4,-25350.6,,,C17,1,,ok,,"{""sizes"": ""{'Z': 13, 'C': 4, 'Y': 2048, 'X': 2048}""}",fast,ce32092adfade8b9cf339d1afe6091d5ac7b9030d9b60ae3cd2da9bc3438025a,True
Z59_PLD_Control/PLD3Control_Plate1_d28_TMEM561LAMP1640MAP2488DAPI405_H17_F2.nd2::0,Z59_PLD_Control/PLD3Control_Plate1_d28_TMEM561LAMP1640MAP2488DAPI405_H17_F2.nd2,PLD3Control_Plate1_d28_TMEM561LAMP1640MAP2488DAPI405_H17_F2.nd2,nd2,369799168,2026-08-28T19:08:24+00:00,0,raw,nd2,0.11.3,ZCYX,,4,11,2048,2048,uint16,0.108333333333333,0.108333333333333,0.3,,60.0,1.27,Plan Apo IR 60x WI DIC N2,,-19247.5,-3279.2,,,H17,2,,ok,,"{""sizes"": ""{'Z': 11, 'C': 4, 'Y': 2048, 'X': 2048}""}",fast,64cc9bebab8b27f70dcf370b46d04de1d9607947958994d14f6ceed032150df9,True
Z59_PLD_Control/PLD3Control_Plate1_d28_TMEM561LAMP1640MAP2488DAPI405_H17_F3.nd2::0,Z59_PLD_Control/PLD3Control_Plate1_d28_TMEM561LAMP1640MAP2488DAPI405_H17_F3.nd2,PLD3Control_Plate1_d28_TMEM561LAMP1640MAP2488DAPI405_H17_F3.nd2,nd2,369799168,2026-08-28T19:10:14+00:00,0,raw,nd2,0.11.3,ZCYX,,4,11,2048,2048,uint16,0.108333333333333,0.108333333333333,0.3,,60.0,1.27,Plan Apo IR 60x WI DIC N2,,-18822.7,-3688.2,,,H17,3,,ok,,"{""sizes"": ""{'Z': 11, 'C': 4, 'Y': 2048, 'X': 2048}""}",fast,0b30d0aa5431cdf248762f001da998e418fcb98860a4f69eeda23266f2096405,True
Z59_PLD_Control/PLD3Control_Plate1_d28_TMEM561LAMP1640MAP2488DAPI405_C17_F4.nd2::0,Z59_PLD_Control/PLD3Control_Plate1_d28_TMEM561LAMP1640MAP2488DAPI405_C17_F4.nd2,PLD3Control_Plate1_d28_TMEM561LAMP1640MAP2488DAPI405_C17_F4.nd2,nd2,436916224,2026-08-28T18:11:42+00:00,0,raw,nd2,0.11.3,ZCYX,,4,13,2048,2048,uint16,0.108333333333333,0.108333333333333,0.3,,60.0,1.27,Plan Apo IR 60x WI DIC N2,,-18321.7,-24171.0,,,C17,4,,ok,,"{""sizes"": ""{'Z': 13, 'C': 4, 'Y': 2048, 'X': 2048}""}",fast,a8497721e1329f034e3cc8381b22dea8e9517652bb89dee0b5e94babf2a427c3,True
Z59_PLD_Control/PLD3Control_Plate1_d28_TMEM561LAMP1640MAP2488DAPI405_H17_F4.nd2::0,Z59_PLD_Control/PLD3Control_Plate1_d28_TMEM561LAMP1640MAP2488DAPI405_H17_F4.nd2,PLD3Control_Plate1_d28_TMEM561LAMP1640MAP2488DAPI405_H17_F4.nd2,nd2,436916224,2026-08-28T19:12:50+00:00,0,raw,nd2,0.11.3,ZCYX,,4,13,2048,2048,uint16,0.108333333333333,0.108333333333333,0.3,,60.0,1.27,Plan Apo IR 60x WI DIC N2,,-20923.6,-1167.3,,,H17,4,,ok,,"{""sizes"": ""{'Z': 13, 'C': 4, 'Y': 2048, 'X': 2048}""}",fast,83d031bc27998fe50d900d2d4e40c63a190d10ec08df0dd805b9ef82fdac2abe,True
Z59_PLD_Control/PLD3Control_Plate1_d28_TMEM561LAMP1640MAP2488DAPI405_G17_F1.nd2::0,Z59_PLD_Control/PLD3Control_Plate1_d28_TMEM561LAMP1640MAP2488DAPI405_G17_F1.nd2,PLD3Control_Plate1_d28_TMEM561LAMP1640MAP2488DAPI405_G17_F1.nd2,nd2,470474752,2026-08-28T18:35:06+00:00,0,raw,nd2,0.11.3,ZCYX,,4,14,2048,2048,uint16,0.108333333333333,0.108333333333333,0.3,,60.0,1.27,Plan Apo IR 60x WI DIC N2,,-19123.0,-7979.4,,,G17,1,,ok,,"{""sizes"": ""{'Z': 14, 'C': 4, 'Y': 2048, 'X': 2048}""}",fast,42c98ab828611f63b6134fc28c63f80802e9b14fbd117b427b358a883ab21a76,True
Z59_PLD_Control/PLD3Control_Plate1_d28_TMEM561LAMP1640MAP2488DAPI405_F17_F1.nd2::0,Z59_PLD_Control/PLD3Control_Plate1_d28_TMEM561LAMP1640MAP2488DAPI405_F17_F1.nd2,PLD3Control_Plate1_d28_TMEM561LAMP1640MAP2488DAPI405_F17_F1.nd2,nd2,403357696,2026-08-28T18:26:52+00:00,0,raw,nd2,0.11.3,ZCYX,,4,12,2048,2048,uint16,0.108333333333333,0.108333333333333,0.3,,60.0,1.27,Plan Apo IR 60x WI DIC N2,,-19216.3,-12275.8,,,,17,,ok,,"{""sizes"": ""{'Z': 12, 'C': 4, 'Y': 2048, 'X': 2048}""}",fast,fe010e2e5f84f68bbb3e4c6b8e2282925bbcc8e8223d6eac3655a84d1cbcddc6,True
Z59_PLD_Control/PLD3Control_Plate1_d28_TMEM561LAMP1640MAP2488DAPI405_F17_F2.nd2::0,Z59_PLD_Control/PLD3Control_Plate1_d28_TMEM561LAMP1640MAP2488DAPI405_F17_F2.nd2,PLD3Control_Plate1_d28_TMEM561LAMP1640MAP2488DAPI405_F17_F2.nd2,nd2,369799168,2026-08-28T18:28:52+00:00,0,raw,nd2,0.11.3,ZCYX,,4,11,2048,2048,uint16,0.108333333333333,0.108333333333333,0.3,,60.0,1.27,Plan Apo IR 60x WI DIC N2,,-18417.5,-12731.5,,,,17,,ok,,"{""sizes"": ""{'Z': 11, 'C': 4, 'Y': 2048, 'X': 2048}""}",fast,5657226ce4e5555a5e402a7e7e5fc47f2c91f9ec70e3c9641c15effc9cdf1ada,True
Z59_PLD_Control/PLD3Control_Plate1_d28_TMEM561LAMP1640MAP2488DAPI405_G17_F2.nd2::0,Z59_PLD_Control/PLD3Control_Plate1_d28_TMEM561LAMP1640MAP2488DAPI405_G17_F2.nd2,PLD3Control_Plate1_d28_TMEM561LAMP1640MAP2488DAPI405_G17_F2.nd2,nd2,369799168,2026-08-28T19:00:58+00:00,0,raw,nd2,0.11.3,ZCYX,,4,11,2048,2048,uint16,0.108333333333333,0.108333333333333,0.3,,60.0,1.27,Plan Apo IR 60x WI DIC N2,,-19123.9,-8340.0,,,G17,2,,ok,,"{""sizes"": ""{'Z': 11, 'C': 4, 'Y': 2048, 'X': 2048}""}",fast,5185d7a8d7f1b39a770cde3e7aab3060ea2dc2e4420f4856b425066d005842a4,True
Z59_PLD_Control/PLD3Control_Plate1_d28_TMEM561LAMP1640MAP2488DAPI405_G17_F3.nd2::0,Z59_PLD_Control/PLD3Control_Plate1_d28_TMEM561LAMP1640MAP2488DAPI405_G17_F3.nd2,PLD3Control_Plate1_d28_TMEM561LAMP1640MAP2488DAPI405_G17_F3.nd2,nd2,336240640,2026-08-28T19:02:26+00:00,0,raw,nd2,0.11.3,ZCYX,,4,10,2048,2048,uint16,0.108333333333333,0.108333333333333,0.3,,60.0,1.27,Plan Apo IR 60x WI DIC N2,,-18612.6,-8182.3,,,G17,3,,ok,,"{""sizes"": ""{'Z': 10, 'C': 4, 'Y': 2048, 'X': 2048}""}",fast,127a8e9a276eb407026f2bbc9347289d8e3c2371825456c7237f17e0790d99f9,True
Z59_PLD_Control/PLD3Control_Plate1_d28_TMEM561LAMP1640MAP2488DAPI405_F17_F3.nd2::0,Z59_PLD_Control/PLD3Control_Plate1_d28_TMEM561LAMP1640MAP2488DAPI405_F17_F3.nd2,PLD3Control_Plate1_d28_TMEM561LAMP1640MAP2488DAPI405_F17_F3.nd2,nd2,470474752,2026-08-28T18:30:30+00:00,0,raw,nd2,0.11.3,ZCYX,,4,14,2048,2048,uint16,0.108333333333333,0.108333333333333,0.3,,60.0,1.27,Plan Apo IR 60x WI DIC N2,,-18450.9,-12172.8,,,,17,,ok,,"{""sizes"": ""{'Z': 14, 'C': 4, 'Y': 2048, 'X': 2048}""}",fast,df67bd723350c586b538ea5a92bbbc8d57159e8b4541a6a1a731c995362c83f1,True
Z59_PLD_Control/PLD3Control_Plate1_d28_TMEM561LAMP1640MAP2488DAPI405_G17_F4.nd2::0,Z59_PLD_Control/PLD3Control_Plate1_d28_TMEM561LAMP1640MAP2488DAPI405_G17_F4.nd2,PLD3Control_Plate1_d28_TMEM561LAMP1640MAP2488DAPI405_G17_F4.nd2,nd2,369799168,2026-08-28T19:04:20+00:00,0,raw,nd2,0.11.3,ZCYX,,4,11,2048,2048,uint16,0.108333333333333,0.108333333333333,0.3,,60.0,1.27,Plan Apo IR 60x WI DIC N2,,-18345.2,-5851.3,,,G17,4,,ok,,"{""sizes"": ""{'Z': 11, 'C': 4, 'Y': 2048, 'X': 2048}""}",fast,55acfd714c3257b8adcca9988424d3937df945aaecfea32629894f8269a62bc5,True
Z59_PLD_Control/PLD3Control_Plate1_d28_TMEM561LAMP1640MAP2488DAPI405_F17_F4.nd2::0,Z59_PLD_Control/PLD3Control_Plate1_d28_TMEM561LAMP1640MAP2488DAPI405_F17_F4.nd2,PLD3Control_Plate1_d28_TMEM561LAMP1640MAP2488DAPI405_F17_F4.nd2,nd2,470474752,2026-08-28T18:32:58+00:00,0,raw,nd2,0.11.3,ZCYX,,4,14,2048,2048,uint16,0.108333333333333,0.108333333333333,0.3,,60.0,1.27,Plan Apo IR 60x WI DIC N2,,-18833.7,-10130.8,,,,17,,ok,,"{""sizes"": ""{'Z': 14, 'C': 4, 'Y': 2048, 'X': 2048}""}",fast,aca0e4cf9bb7cf7413413fd21ac913c90c8c4c986670e6ccd791f3e261bc596b,True
TMEM_KO/TMEMKO_Plate1_d28_TMEM561LAMP1640MAP2488DAPI405_C8_F4.nd2::0,TMEM_KO/TMEMKO_Plate1_d28_TMEM561LAMP1640MAP2488DAPI405_C8_F4.nd2,TMEMKO_Plate1_d28_TMEM561LAMP1640MAP2488DAPI405_C8_F4.nd2,nd2,537591808,2026-08-28T19:23:26+00:00,0,raw,nd2,0.11.3,ZCYX,,4,16,2048,2048,uint16,0.108333333333333,0.108333333333333,0.3,,60.0,1.27,Plan Apo IR 60x WI DIC N2,,20536.6,-24598.6,,,C8,4,,ok,,"{""sizes"": ""{'Z': 16, 'C': 4, 'Y': 2048, 'X': 2048}""}",fast,3662f2d3c01c43d99877ebadeb213078cab629bc50f768c332d1af3c3173581b,True
TMEM_KO/TMEMKO_Plate1_d28_TMEM561LAMP1640MAP2488DAPI405_C8_F1.nd2::0,TMEM_KO/TMEMKO_Plate1_d28_TMEM561LAMP1640MAP2488DAPI405_C8_F1.nd2,TMEMKO_Plate1_d28_TMEM561LAMP1640MAP2488DAPI405_C8_F1.nd2,nd2,302682112,2026-08-28T19:15:40+00:00,0,raw,nd2,0.11.3,ZCYX,,4,9,2048,2048,uint16,0.108333333333333,0.108333333333333,0.3,,60.0,1.27,Plan Apo IR 60x WI DIC N2,,22209.7,-26261.5,,,C8,1,,ok,,"{""sizes"": ""{'Z': 9, 'C': 4, 'Y': 2048, 'X': 2048}""}",fast,77bdc39bcfcfc8298b1e0dc1b7a7733039c772131af4f7bd853116cf933775fa,True
TMEM_KO/TMEMKO_Plate1_d28_TMEM561LAMP1640MAP2488DAPI405_C8_F2.nd2::0,TMEM_KO/TMEMKO_Plate1_d28_TMEM561LAMP1640MAP2488DAPI405_C8_F2.nd2,TMEMKO_Plate1_d28_TMEM561LAMP1640MAP2488DAPI405_C8_F2.nd2,nd2,302686208,2026-08-28T19:17:42+00:00,0,raw,nd2,0.11.3,ZCYX,,4,9,2048,2048,uint16,0.108333333333333,0.108333333333333,0.3,,60.0,1.27,Plan Apo IR 60x WI DIC N2,,22067.8,-23937.1,,,C8,2,,ok,,"{""sizes"": ""{'Z': 9, 'C': 4, 'Y': 2048, 'X': 2048}""}",fast,a5cce0816955d04c529922414e5228b1654663424f36649821473105494d52ca,True
TMEM_KO/TMEMKO_Plate1_d28_TMEM561LAMP1640MAP2488DAPI405_C8_F3.nd2::0,TMEM_KO/TMEMKO_Plate1_d28_TMEM561LAMP1640MAP2488DAPI405_C8_F3.nd2,TMEMKO_Plate1_d28_TMEM561LAMP1640MAP2488DAPI405_C8_F3.nd2,nd2,302682112,2026-08-28T19:20:34+00:00,0,raw,nd2,0.11.3,ZCYX,,4,9,2048,2048,uint16,0.108333333333333,0.108333333333333,0.3,,60.0,1.27,Plan Apo IR 60x WI DIC N2,,22237.1,-25573.0,,,C8,3,,ok,,"{""sizes"": ""{'Z': 9, 'C': 4, 'Y': 2048, 'X': 2048}""}",fast,cae35acceb900a1618beea582bba11f9916942530aaa27d1e98fb6c8bd1ac7f7,True
TMEM_KO/TMEMKO_Plate1_d28_TMEM561LAMP1640MAP2488DAPI405_H8_F2.nd2::0,TMEM_KO/TMEMKO_Plate1_d28_TMEM561LAMP1640MAP2488DAPI405_H8_F2.nd2,TMEMKO_Plate1_d28_TMEM561LAMP1640MAP2488DAPI405_H8_F2.nd2,nd2,504033280,2026-08-28T20:01:40+00:00,0,raw,nd2,0.11.3,ZCYX,,4,15,2048,2048,uint16,0.108333333333333,0.108333333333333,0.3,,60.0,1.27,Plan Apo IR 60x WI DIC N2,,22263.3,-1782.3,,,H8,2,,ok,,"{""sizes"": ""{'Z': 15, 'C': 4, 'Y': 2048, 'X': 2048}""}",fast,841f336ab9afbe844685bc090a04681245960ec05ea05f71780b80a8b29b4ad1,True
TMEM_KO/TMEMKO_Plate1_d28_TMEM561LAMP1640MAP2488DAPI405_H8_F3.nd2::0,TMEM_KO/TMEMKO_Plate1_d28_TMEM561LAMP1640MAP2488DAPI405_H8_F3.nd2,TMEMKO_Plate1_d28_TMEM561LAMP1640MAP2488DAPI405_H8_F3.nd2,nd2,571150336,2026-08-28T20:04:20+00:00,0,raw,nd2,0.11.3,ZCYX,,4,17,2048,2048,uint16,0.108333333333333,0.108333333333333,0.3,,60.0,1.27,Plan Apo IR 60x WI DIC N2,,19724.6,-3885.1,,,H8,3,,ok,,"{""sizes"": ""{'Z': 17, 'C': 4, 'Y': 2048, 'X': 2048}""}",fast,5110862a50bfa4bece61943fbc3bfde751de0a0142f9d7b1ff89dc9686f57cd6,True
TMEM_KO/TMEMKO_Plate1_d28_TMEM561LAMP1640MAP2488DAPI405_H8_F1.nd2::0,TMEM_KO/TMEMKO_Plate1_d28_TMEM561LAMP1640MAP2488DAPI405_H8_F1.nd2,TMEMKO_Plate1_d28_TMEM561LAMP1640MAP2488DAPI405_H8_F1.nd2,nd2,436916224,2026-08-28T19:59:40+00:00,0,raw,nd2,0.11.3,ZCYX,,4,13,2048,2048,uint16,0.108333333333333,0.108333333333333,0.3,,60.0,1.27,Plan Apo IR 60x WI DIC N2,,21312.6,-3901.0,,,H8,1,,ok,,"{""sizes"": ""{'Z': 13, 'C': 4, 'Y': 2048, 'X': 2048}""}",fast,a05dddcaf737e397117e1045504f989ade49531c4aaa35cc0f44cb42b7728ab4,True
TMEM_KO/TMEMKO_Plate1_d28_TMEM561LAMP1640MAP2488DAPI405_H8_F4.nd2::0,TMEM_KO/TMEMKO_Plate1_d28_TMEM561LAMP1640MAP2488DAPI405_H8_F4.nd2,TMEMKO_Plate1_d28_TMEM561LAMP1640MAP2488DAPI405_H8_F4.nd2,nd2,571150336,2026-08-28T20:07:02+00:00,0,raw,nd2,0.11.3,ZCYX,,4,17,2048,2048,uint16,0.108333333333333,0.108333333333333,0.3,,60.0,1.27,Plan Apo IR 60x WI DIC N2,,22240.7,-3440.6,,,H8,4,,ok,,"{""sizes"": ""{'Z': 17, 'C': 4, 'Y': 2048, 'X': 2048}""}",fast,7da47140941b78dc1fc961af53404ca14f6f2ae97bcd3f7cb717abdb1e1b6d68,True
TMEM_KO/TMEMKO_Plate1_d28_TMEM561LAMP1640MAP2488DAPI405_D8_F4.nd2::0,TMEM_KO/TMEMKO_Plate1_d28_TMEM561LAMP1640MAP2488DAPI405_D8_F4.nd2,TMEMKO_Plate1_d28_TMEM561LAMP1640MAP2488DAPI405_D8_F4.nd2,nd2,772505600,2026-08-28T19:38:30+00:00,0,raw,nd2,0.11.3,ZCYX,,4,23,2048,2048,uint16,0.108333333333333,0.108333333333333,0.3,,60.0,1.27,Plan Apo IR 60x WI DIC N2,,19416.8,-19188.1,,,D8,4,,ok,,"{""sizes"": ""{'Z': 23, 'C': 4, 'Y': 2048, 'X': 2048}""}",fast,1b2d6907fbb0ffd0ebda922f2a238880c9812849ff6220504c0fbf728adb69c3,True
TMEM_KO/TMEMKO_Plate1_d28_TMEM561LAMP1640MAP2488DAPI405_E8_F1.nd2::0,TMEM_KO/TMEMKO_Plate1_d28_TMEM561LAMP1640MAP2488DAPI405_E8_F1.nd2,TMEMKO_Plate1_d28_TMEM561LAMP1640MAP2488DAPI405_E8_F1.nd2,nd2,504037376,2026-08-28T19:41:46+00:00,0,raw,nd2,0.11.3,ZCYX,,4,15,2048,2048,uint16,0.108333333333333,0.108333333333333,0.3,,60.0,1.27,Plan Apo IR 60x WI DIC N2,,22118.0,-17276.3,,,E8,1,,ok,,"{""sizes"": ""{'Z': 15, 'C': 4, 'Y': 2048, 'X': 2048}""}",fast,431a5b11d0a172bee97af4f4c9a0f54245adaaaf7da2b3ee3b12f2539827a54a,True
TMEM_KO/TMEMKO_Plate1_d28_TMEM561LAMP1640MAP2488DAPI405_D8_F3.nd2::0,TMEM_KO/TMEMKO_Plate1_d28_TMEM561LAMP1640MAP2488DAPI405_D8_F3.nd2,TMEMKO_Plate1_d28_TMEM561LAMP1640MAP2488DAPI405_D8_F3.nd2,nd2,336240640,2026-08-28T19:35:28+00:00,0,raw,nd2,0.11.3,ZCYX,,4,10,2048,2048,uint16,0.108333333333333,0.108333333333333,0.3,,60.0,1.27,Plan Apo IR 60x WI DIC N2,,21785.7,-19085.4,,,D8,3,,ok,,"{""sizes"": ""{'Z': 10, 'C': 4, 'Y': 2048, 'X': 2048}""}",fast,08c59ffa0cee9bd26108dcea0aa81540a96d26cfc155e609fb740ae9dddb2aaa,True
TMEM_KO/TMEMKO_Plate1_d28_TMEM561LAMP1640MAP2488DAPI405_D8_F2.nd2::0,TMEM_KO/TMEMKO_Plate1_d28_TMEM561LAMP1640MAP2488DAPI405_D8_F2.nd2,TMEMKO_Plate1_d28_TMEM561LAMP1640MAP2488DAPI405_D8_F2.nd2,nd2,436916224,2026-08-28T19:33:46+00:00,0,raw,nd2,0.11.3,ZCYX,,4,13,2048,2048,uint16,0.108333333333333,0.108333333333333,0.3,,60.0,1.27,Plan Apo IR 60x WI DIC N2,,22196.3,-19289.6,,,D8,2,,ok,,"{""sizes"": ""{'Z': 13, 'C': 4, 'Y': 2048, 'X': 2048}""}",fast,ac18c920123f6311f5f448b824e6fd7864a675ee37553038860e05d11f03a845,True
TMEM_KO/TMEMKO_Plate1_d28_TMEM561LAMP1640MAP2488DAPI405_D8_F1.nd2::0,TMEM_KO/TMEMKO_Plate1_d28_TMEM561LAMP1640MAP2488DAPI405_D8_F1.nd2,TMEMKO_Plate1_d28_TMEM561LAMP1640MAP2488DAPI405_D8_F1.nd2,nd2,638267392,2026-08-28T19:27:50+00:00,0,raw,nd2,0.11.3,ZCYX,,4,19,2048,2048,uint16,0.108333333333333,0.108333333333333,0.3,,60.0,1.27,Plan Apo IR 60x WI DIC N2,,22125.5,-21534.3,,,D8,1,,ok,,"{""sizes"": ""{'Z': 19, 'C': 4, 'Y': 2048, 'X': 2048}""}",fast,6cf2e69d9100df3e610f69a9aa6a1e8edbb57319d75755513df24fa7c3e21a6e,True
TMEM_KO/TMEMKO_Plate1_d28_TMEM561LAMP1640MAP2488DAPI405_F8_F3.nd2::0,TMEM_KO/TMEMKO_Plate1_d28_TMEM561LAMP1640MAP2488DAPI405_F8_F3.nd2,TMEMKO_Plate1_d28_TMEM561LAMP1640MAP2488DAPI405_F8_F3.nd2,nd2,336240640,2026-08-28T19:47:16+00:00,0,raw,nd2,0.11.3,ZCYX,,4,10,2048,2048,uint16,0.108333333333333,0.108333333333333,0.3,,60.0,1.27,Plan Apo IR 60x WI DIC N2,,22077.5,-12538.8,,,,8,,ok,,"{""sizes"": ""{'Z': 10, 'C': 4, 'Y': 2048, 'X': 2048}""}",fast,636134b8ad49a57c72339e87a8c976448cabb0afb15958f29765007db7c89740,True
TMEM_KO/TMEMKO_Plate1_d28_TMEM561LAMP1640MAP2488DAPI405_F8_F2.nd2::0,TMEM_KO/TMEMKO_Plate1_d28_TMEM561LAMP1640MAP2488DAPI405_F8_F2.nd2,TMEMKO_Plate1_d28_TMEM561LAMP1640MAP2488DAPI405_F8_F2.nd2,nd2,436916224,2026-08-28T19:45:28+00:00,0,raw,nd2,0.11.3,ZCYX,,4,13,2048,2048,uint16,0.108333333333333,0.108333333333333,0.3,,60.0,1.27,Plan Apo IR 60x WI DIC N2,,21876.1,-12945.9,,,,8,,ok,,"{""sizes"": ""{'Z': 13, 'C': 4, 'Y': 2048, 'X': 2048}""}",fast,eaa298c997ba82b5d8f0d4139151ca5f9d6cad1715b33eeb08a2bdda1602f220,True
TMEM_KO/TMEMKO_Plate1_d28_TMEM561LAMP1640MAP2488DAPI405_F8_F1.nd2::0,TMEM_KO/TMEMKO_Plate1_d28_TMEM561LAMP1640MAP2488DAPI405_F8_F1.nd2,TMEMKO_Plate1_d28_TMEM561LAMP1640MAP2488DAPI405_F8_F1.nd2,nd2,403357696,2026-08-28T19:43:46+00:00,0,raw,nd2,0.11.3,ZCYX,,4,12,2048,2048,uint16,0.108333333333333,0.108333333333333,0.3,,60.0,1.27,Plan Apo IR 60x WI DIC N2,,21208.4,-12965.4,,,,8,,ok,,"{""sizes"": ""{'Z': 12, 'C': 4, 'Y': 2048, 'X': 2048}""}",fast,f33650071f4cb8f2e04f151ee23557f0f473a761f13a402a0f287e22b5803195,True
TMEM_KO/TMEMKO_Plate1_d28_TMEM561LAMP1640MAP2488DAPI405_G8_F4.nd2::0,TMEM_KO/TMEMKO_Plate1_d28_TMEM561LAMP1640MAP2488DAPI405_G8_F4.nd2,TMEMKO_Plate1_d28_TMEM561LAMP1640MAP2488DAPI405_G8_F4.nd2,nd2,369799168,2026-08-28T19:57:14+00:00,0,raw,nd2,0.11.3,ZCYX,,4,11,2048,2048,uint16,0.108333333333333,0.108333333333333,0.3,,60.0,1.27,Plan Apo IR 60x WI DIC N2,,21957.8,-5769.2,,,G8,4,,ok,,"{""sizes"": ""{'Z': 11, 'C': 4, 'Y': 2048, 'X': 2048}""}",fast,eb67e5b4e552f49cfc6fb6339c70bbfc2315fca9ac245e4c2082cca42674e0ba,True
TMEM_KO/TMEMKO_Plate1_d28_TMEM561LAMP1640MAP2488DAPI405_F8_F4.nd2::0,TMEM_KO/TMEMKO_Plate1_d28_TMEM561LAMP1640MAP2488DAPI405_F8_F4.nd2,TMEMKO_Plate1_d28_TMEM561LAMP1640MAP2488DAPI405_F8_F4.nd2,nd2,504033280,2026-08-28T19:49:34+00:00,0,raw,nd2,0.11.3,ZCYX,,4,15,2048,2048,uint16,0.108333333333333,0.108333333333333,0.3,,60.0,1.27,Plan Apo IR 60x WI DIC N2,,19632.1,-10697.0,,,,8,,ok,,"{""sizes"": ""{'Z': 15, 'C': 4, 'Y': 2048, 'X': 2048}""}",fast,86f8148a2ac89db561e0ca379797dd6dce498515cba70b036b845e533d1680c9,True
TMEM_KO/TMEMKO_Plate1_d28_TMEM561LAMP1640MAP2488DAPI405_G8_F1.nd2::0,TMEM_KO/TMEMKO_Plate1_d28_TMEM561LAMP1640MAP2488DAPI405_G8_F1.nd2,TMEMKO_Plate1_d28_TMEM561LAMP1640MAP2488DAPI405_G8_F1.nd2,nd2,436916224,2026-08-28T19:51:30+00:00,0,raw,nd2,0.11.3,ZCYX,,4,13,2048,2048,uint16,0.108333333333333,0.108333333333333,0.3,,60.0,1.27,Plan Apo IR 60x WI DIC N2,,21289.1,-6877.6,,,G8,1,,ok,,"{""sizes"": ""{'Z': 13, 'C': 4, 'Y': 2048, 'X': 2048}""}",fast,7a78438309f98d1d36f05a47459e63ec3ccabb3c91c99791bf4438540cf02217,True
TMEM_KO/TMEMKO_Plate1_d28_TMEM561LAMP1640MAP2488DAPI405_G8_F3.nd2::0,TMEM_KO/TMEMKO_Plate1_d28_TMEM561LAMP1640MAP2488DAPI405_G8_F3.nd2,TMEMKO_Plate1_d28_TMEM561LAMP1640MAP2488DAPI405_G8_F3.nd2,nd2,470474752,2026-08-28T19:55:06+00:00,0,raw,nd2,0.11.3,ZCYX,,4,14,2048,2048,uint16,0.108333333333333,0.108333333333333,0.3,,60.0,1.27,Plan Apo IR 60x WI DIC N2,,21965.1,-8417.4,,,G8,3,,ok,,"{""sizes"": ""{'Z': 14, 'C': 4, 'Y': 2048, 'X': 2048}""}",fast,8d36101cc3f7a32c0ffd34ba9e654a2fa95ec09c6d03f982cb634b448f70644e,True
TMEM_KO/TMEMKO_Plate1_d28_TMEM561LAMP1640MAP2488DAPI405_G8_F2.nd2::0,TMEM_KO/TMEMKO_Plate1_d28_TMEM561LAMP1640MAP2488DAPI405_G8_F2.nd2,TMEMKO_Plate1_d28_TMEM561LAMP1640MAP2488DAPI405_G8_F2.nd2,nd2,336240640,2026-08-28T19:53:14+00:00,0,raw,nd2,0.11.3,ZCYX,,4,10,2048,2048,uint16,0.108333333333333,0.108333333333333,0.3,,60.0,1.27,Plan Apo IR 60x WI DIC N2,,21226.2,-8099.2,,,G8,2,,ok,,"{""sizes"": ""{'Z': 10, 'C': 4, 'Y': 2048, 'X': 2048}""}",fast,e01a0ebfccd03c8e09f4e207d7c1814ed32d3ed7a4a2715b559a487eebe5dff2,True
